wavelength_nm,solar_f0,no2_optical_depth
300,0.41125321660002134,0.0017167224745974412
300.10000000000002,0.37407141266522603,0.0017009302648344177
300.20000000000005,0.3682166325763242,0.0016865274882807083
300.30000000000007,0.39109625520582519,0.0016761117423170371
300.40000000000009,0.42715175920931114,0.0016710096892256058
300.50000000000011,0.45679802089196853,0.0016709449341983965
300.60000000000014,0.46862665687893024,0.001674282569019276
300.70000000000016,0.46687883824580867,0.0016787964240935031
300.80000000000018,0.46624434523094477,0.0016826632636122503
300.9000000000002,0.4779592906427122,0.0016852632245261544
301.00000000000023,0.50108240629421363,0.001687459884129624
301.10000000000025,0.52644139255565836,0.0016912663150792137
301.20000000000027,0.54598197153917105,0.001699033477968549
301.3000000000003,0.55639040928791705,0.0017124885113780945
301.40000000000032,0.55594024065166037,0.0017320804512631106
301.50000000000034,0.54169096453066479,0.001756975386890959
301.60000000000036,0.51114368129959764,0.0017856063555880515
301.70000000000039,0.46617937869760456,0.0018162880150529698
301.80000000000041,0.41571340851649957,0.0018474672362222353
301.90000000000043,0.37504956849631521,0.0018776102489785475
302.00000000000045,0.36056957394176947,0.0019050851118930022
302.10000000000048,0.38013296820121123,0.0019283704009849163
302.2000000000005,0.42559425921295052,0.0019465639575248302
302.30000000000052,0.47725230035256877,0.0019598663636707951
302.40000000000055,0.51972941397404759,0.0019697442932252195
302.50000000000057,0.55320649243411302,0.0019786627512191611
302.60000000000059,0.5867804325972229,0.0019894011911048906
302.70000000000061,0.62280424398558143,0.0020041155874272252
302.80000000000064,0.65278019304856416,0.0020234933411866795
302.90000000000066,0.66925067669465377,0.0020463957830707648
303.00000000000068,0.67658831026571697,0.0020702021183200206
303.1000000000007,0.68633698286579514,0.0020917239350727291
303.20000000000073,0.70361525265094904,0.0021082548379969864
303.30000000000075,0.72072469746760515,0.002118295789233312
303.40000000000077,0.72352519369062207,0.0021217481126111983
303.5000000000008,0.70317526480923909,0.002119656937000784
303.60000000000082,0.66391344405352282,0.0021137414621352603
303.70000000000084,0.62140906761936454,0.0021059325670092065
303.80000000000086,0.59163020865886096,0.0020980302531064025
303.90000000000089,0.57964493861389588,0.0020915183517158584
304.00000000000091,0.5805917691623802,0.0020875312753740136
304.10000000000093,0.59025178132981837,0.0020868704893062312
304.20000000000095,0.60929700693186439,0.0020899192743055808
304.30000000000098,0.63569952903383631,0.0020964848165085956
304.400000000001,0.6582830424203181,0.0021058303681109015
304.50000000000102,0.66321254586835476,0.0021170361922645108
304.60000000000105,0.64787449069317005,0.002129384535993198
304.70000000000107,0.62647600392430447,0.0021423041862442447
304.80000000000109,0.61972413554010475,0.0021548785071892232
304.90000000000111,0.637914464254559,0.0021654979558120712
305.00000000000114,0.67336572606511003,0.0021721639702707882
305.10000000000116,0.70697280252604777,0.0021732835563601865
305.20000000000118,0.72077874598650926,0.0021683318106712336
305.30000000000121,0.7072729031435101,0.0021579539617238856
305.40000000000123,0.67043181278639064,0.0021435856705342075
305.50000000000125,0.61952412944635893,0.0021269786464993444
305.60000000000127,0.56420787417284557,0.0021099529327346617
305.7000000000013,0.51663874383213926,0.0020943708718085684
305.80000000000132,0.49286808176719915,0.0020820735668844047
305.90000000000134,0.50427620217259794,0.0020746443852678134
306.00000000000136,0.5455700872414827,0.0020731702141782928
306.10000000000139,0.59446248089066389,0.0020781752895684957
306.20000000000141,0.62608450512584291,0.0020896263507783493
306.30000000000143,0.62898444811921805,0.0021068647049875058
306.40000000000146,0.6091260590200841,0.0021286258978798524
306.50000000000148,0.58219320444048117,0.0021534073272598221
306.6000000000015,0.56429685229022852,0.0021800094411951183
306.70000000000152,0.56632928630577173,0.0022076871952646745
306.80000000000155,0.58978128774333793,0.0022356857580079371
306.90000000000157,0.62494379066181072,0.0022626368053923142
307.00000000000159,0.65639449897343416,0.0022864509200331063
307.10000000000161,0.67338017266186789,0.0023048261552491636
307.20000000000164,0.67522650043322818,0.0023159553901867386
307.30000000000166,0.66802886526489691,0.0023189466362036597
307.40000000000168,0.6590389197238562,0.0023138346202135071
307.50000000000171,0.65406949167745099,0.0023014548362268578
307.60000000000173,0.6561830346252826,0.0022834238206995367
307.70000000000175,0.663993679964479,0.0022620899063073388
307.80000000000177,0.67180199493395965,0.0022401833217826615
307.9000000000018,0.67284823006417915,0.0022202436402973908
308.00000000000182,0.66439585492378928,0.0022042514238899231
308.10000000000184,0.65189666845426308,0.0021937701393394157
308.20000000000186,0.64718584617298314,0.0021904287361715602
308.30000000000189,0.65852785329374275,0.0021962095721464255
308.40000000000191,0.68085259704452938,0.0022131175862905891
308.50000000000193,0.69807924940355803,0.002242329309231501
308.60000000000196,0.69662904038074602,0.0022833361397417841
308.70000000000198,0.67544772966822342,0.0023335248215966583
308.800000000002,0.64248635373726104,0.0023883569131014156
308.90000000000202,0.60479056473436843,0.002442206189982588
309.00000000000205,0.56554196449296279,0.002489760889833667
309.10000000000207,0.52937115152815661,0.0025274323737101401
309.20000000000209,0.50528358513409821,0.0025539410685909434
309.30000000000211,0.50046437497125662,0.0025697566196126336
309.40000000000214,0.51157505837998374,0.0025759566024579602
309.50000000000216,0.52517199915626966,0.0025734274218467738
309.60000000000218,0.52806845569078253,0.0025629004544595753
309.70000000000221,0.51587702055846074,0.0025456037932982825
309.80000000000223,0.49257351101799474,0.0025238804191111738
309.90000000000225,0.4675601736741819,0.002501198896236029
310.00000000000227,0.45528305468617036,0.0024814455974161288
310.1000000000023,0.47101149196751907,0.0024678850218067326
310.20000000000232,0.51991949331509169,0.0024623798013842795
310.30000000000234,0.59070283656338296,0.0024652519973451612
310.40000000000236,0.66339686828958433,0.002475649711223625
310.50000000000239,0.7236676859794996,0.0024919232213788823
310.60000000000241,0.76836735376589538,0.0025117863985801227
310.70000000000243,0.79960625715367994,0.0025326035945017369
310.80000000000246,0.81828171662568361,0.0025521360008387327
310.90000000000248,0.82497474930829218,0.002569425386556337
311.0000000000025,0.82355000320487692,0.0025850631808606818
311.10000000000252,0.81967340161650359,0.0026004724298970944
311.20000000000255,0.81563470084045231,0.0026166002254476364
311.30000000000257,0.80871560908793161,0.0026328588150846548
311.40000000000259,0.79455637984291572,0.0026470620418291555
311.50000000000261,0.77076078005266546,0.0026566022339879754
311.60000000000264,0.73832838875207185,0.0026603173407546746
311.70000000000266,0.70188504057386791,0.0026598488009575731
311.80000000000268,0.66857322504046268,0.0026594629778012488
311.90000000000271,0.64546451482369394,0.002664320533235353
312.00000000000273,0.63723524714564839,0.0026781772973209568
312.10000000000275,0.64473821383819507,0.0027017136086133738
312.20000000000277,0.66364643946852564,0.0027321745321509309
312.3000000000028,0.68485230731398006,0.0027643349916816559
312.40000000000282,0.69943218915194649,0.0027923281282957002
312.50000000000284,0.70519884144278011,0.0028115815020119533
312.60000000000286,0.70717645676058594,0.0028200523485991621
312.70000000000289,0.71083138484927211,0.0028182966245169964
312.80000000000291,0.71632897836261955,0.0028085231348483645
312.90000000000293,0.71979945717435656,0.0027932877133837681
313.00000000000296,0.71817463427933181,0.0027745640899842
313.10000000000298,0.71186745353465819,0.002753551138255407
313.200000000003,0.70440804641446275,0.0027310525315795259
313.30000000000302,0.70097454744434884,0.0027080130123319905
313.40000000000305,0.70662418084314071,0.0026858583767448668
313.50000000000307,0.72413814055120695,0.0026664313480073763
313.60000000000309,0.7521349449830883,0.0026515250821187862
313.70000000000312,0.78452410113367843,0.0026423261693733942
313.80000000000314,0.81183217066721369,0.0026392109899550037
313.90000000000316,0.82387461638433712,0.0026420711860983335
314.00000000000318,0.81227723186971346,0.0026509172366358021
314.10000000000321,0.7728579992053316,0.0026662951622010334
314.20000000000323,0.71000756262864984,0.0026891645547167096
314.30000000000325,0.64082656175894814,0.0027202450147809339
314.40000000000327,0.59059101024680138,0.0027592327289474019
314.5000000000033,0.57802278117909545,0.0028043916731152795
314.60000000000332,0.60330259402460218,0.00285269656932824
314.70000000000334,0.65052489714233797,0.0029002692318057608
314.80000000000337,0.69989513101647438,0.0029427789226299747
314.90000000000339,0.73768743145278726,0.0029758357552198754
315.00000000000341,0.75928063372433452,0.0029957195663341601
315.10000000000343,0.76689370235193222,0.0030005273357675507
315.20000000000346,0.76441269234238984,0.0029911412788373431
315.30000000000348,0.75272320626216294,0.0029711515273482449
315.4000000000035,0.72896208672986729,0.0029454957800143398
315.50000000000352,0.68995128840438791,0.0029185719011377599
315.60000000000355,0.63722440578021688,0.0028929961131891929
315.70000000000357,0.57993524142452968,0.0028696081697770067
315.80000000000359,0.53241720144002669,0.0028482924857530846
315.90000000000362,0.50723062078439551,0.0028287497633757981
316.00000000000364,0.50919456236361715,0.0028109588413163943
316.10000000000366,0.53435693392415085,0.0027958015143594505
316.20000000000368,0.5727006683333703,0.0027858627107182695
316.30000000000371,0.61247490374913838,0.0027851611762110462
316.40000000000373,0.64532490803993336,0.0027969058672485106
316.50000000000375,0.66964359217881109,0.002820931108935111
316.60000000000377,0.68942854394158781,0.0028536643807701963
316.7000000000038,0.71067323908688618,0.002890813382609647
316.80000000000382,0.73888447410124025,0.0029299365803247992
316.90000000000384,0.77684392105817501,0.0029707982962203852
317.00000000000387,0.82122464229242986,0.0030141582064762517
317.10000000000389,0.86214679674762551,0.0030605780828950979
317.20000000000391,0.88924522928280803,0.0031098117346808033
317.30000000000393,0.89910450877275905,0.0031604846277436633
317.40000000000396,0.89543002578048692,0.0032099058773165613
317.50000000000398,0.88142962625724841,0.0032543233579787941
317.600000000004,0.85374003988233971,0.0032898821112148061
317.70000000000402,0.80644467439634548,0.0033139504342847149
317.80000000000405,0.74157814173345404,0.00332607166230611
317.90000000000407,0.67335568033691362,0.0033279657741132943
318.00000000000409,0.62035269055895004,0.00332248458494572
318.10000000000412,0.59409556866276458,0.0033120358390720897
318.20000000000414,0.59485108984324342,0.0032975162717285233
318.30000000000416,0.61549782121330854,0.0032785909972300772
318.40000000000418,0.64744524342375442,0.0032550483692587316
318.50000000000421,0.68428187590158762,0.0032279899178824546
318.60000000000423,0.72225488844895336,0.0031998979052383549
318.70000000000425,0.75763699181827293,0.0031737672155559577
318.80000000000427,0.78280265414098171,0.0031521231763367154
318.9000000000043,0.78649016563671392,0.0031364438704926602
319.00000000000432,0.76209796479252734,0.0031270807913447449
319.10000000000434,0.71752345797847972,0.0031237010375278788
319.20000000000437,0.6739517323681582,0.0031261236943098923
319.30000000000439,0.65178381402924501,0.0031350329291596948
319.40000000000441,0.65759878263510552,0.0031519636792044464
319.50000000000443,0.68455425144986715,0.0031784185418002571
319.60000000000446,0.72186688337218219,0.0032145952205714008
319.70000000000448,0.76077339908506481,0.0032585777193061376
319.8000000000045,0.79430475427687264,0.0033066587540334855
319.90000000000452,0.81802987568201246,0.0033545719304521695
320.00000000000455,0.83337555255511131,0.0033985593302372948
320.10000000000457,0.84699612860894913,0.00343550933600622
320.20000000000459,0.86458924288816852,0.003462573867343621
320.30000000000462,0.88580919882200304,0.0034771792216310195
320.40000000000464,0.90469755127504847,0.003477721755996067
320.50000000000466,0.91330069729769059,0.0034645135043136909
320.60000000000468,0.90487753858157405,0.0034403467175772441
320.70000000000471,0.87604228844087784,0.0034101399074234575
320.80000000000473,0.82865034072314792,0.0033795008963634966
320.90000000000475,0.77051838986987109,0.0033528144016214661
321.00000000000477,0.71312812510936796,0.0033320268269589528
321.1000000000048,0.66723111641092836,0.0033168983904991161
321.20000000000482,0.63968097590521111,0.0033063767801571344
321.30000000000484,0.63297942591019873,0.0032999769258615064
321.40000000000487,0.64606851105054386,0.0032982717830337587
321.50000000000489,0.67508493652371659,0.0033024244103582148
321.60000000000491,0.71435787662936656,0.0033133010684095231
321.70000000000493,0.75717639775689727,0.0033307767080035505
321.80000000000496,0.79535876068953859,0.0033536142885299508
321.90000000000498,0.81964781579078472,0.0033799573745677933
322.000000000005,0.82379150565219272,0.0034080944300005386
322.10000000000502,0.80957459967496992,0.0034369846661063846
322.20000000000505,0.78597709945176608,0.0034662522114046212
322.30000000000507,0.76130465828015126,0.0034957376670373291
322.40000000000509,0.73667213530488562,0.0035249448859279364
322.50000000000512,0.70852842421772455,0.0035527526764996967
322.60000000000514,0.67635333212104087,0.0035775807184479013
322.70000000000516,0.64613003514744438,0.0035978850837322996
322.80000000000518,0.62725005063318717,0.0036126528377764065
322.90000000000521,0.62670087337545044,0.0036216342549454197
323.00000000000523,0.64371672370959143,0.0036252582579425433
323.10000000000525,0.66818235273342241,0.003624324957922192
323.20000000000528,0.68630138691196907,0.0036196710875597391
323.3000000000053,0.69073792273051393,0.0036120424267784548
323.40000000000532,0.68579980907224236,0.003602194169587535
323.50000000000534,0.6825081222348488,0.0035909126343209468
323.60000000000537,0.68930797872054117,0.0035787495427527494
323.70000000000539,0.70745324052663106,0.0035657894089469355
323.80000000000541,0.73308963342634981,0.0035519144015903684
323.90000000000543,0.76114257398455121,0.0035374269833420161
324.00000000000546,0.78691720538568533,0.0035234154731813758
324.10000000000548,0.80667428637664773,0.003511674419075175
324.2000000000055,0.81944083826377612,0.0035045682918967407
324.30000000000553,0.82758806518027894,0.0035048960908632973
324.40000000000555,0.83316292479605247,0.0035152861191934713
324.50000000000557,0.8338800200999158,0.0035372421754124176
324.60000000000559,0.82537737872372108,0.0035708256652170938
324.70000000000562,0.8081297895273456,0.0036152781265217171
324.80000000000564,0.78991801186262189,0.0036694395812753265
324.90000000000566,0.78018999926471566,0.0037310012812131117
325.00000000000568,0.78336765612091552,0.0037953784573266877
325.10000000000571,0.79845390011095885,0.0038558130567279475
325.20000000000573,0.82334112061921383,0.0039051293485954184
325.30000000000575,0.85733230721280818,0.0039379948871303399
325.40000000000578,0.89910187109631612,0.0039524155838433694
325.5000000000058,0.94375083406226867,0.0039501589704240099
325.60000000000582,0.98412690372963874,0.0039362425597181255
325.70000000000584,1.0154419642805235,0.0039174320866829588
325.80000000000587,1.0369064976080113,0.0039001393087856498
325.90000000000589,1.04880516702339,0.003888944052844079
326.00000000000591,1.0503435429281829,0.0038864914613209547
326.10000000000593,1.0411193994284826,0.0038939052710460203
326.20000000000596,1.0234308013649303,0.0039103731827956848
326.30000000000598,1.0032713494296526,0.0039320450759687386
326.400000000006,0.98953852268463727,0.0039519578089130588
326.50000000000603,0.9897386537532763,0.0039622657424708552
326.60000000000605,1.00345769440643,0.0039578562285591751
326.70000000000607,1.0206598932984112,0.0039388574857154796
326.80000000000609,1.0287234140791415,0.0039104067307025071
326.90000000000612,1.0222047202947149,0.0038802987127605215
327.00000000000614,1.0065409174429845,0.0038563245744356817
327.10000000000616,0.99313267958651896,0.0038444799755001707
327.20000000000618,0.99016624152529487,0.0038480345523957305
327.30000000000621,0.996614819649838,0.0038670127305753675
327.40000000000623,1.0042454504193141,0.0038980873873288089
327.50000000000625,1.005108335213569,0.0039353456638861499
327.60000000000628,0.99729795671030019,0.0039719479123406986
327.7000000000063,0.98474638196012942,0.0040018168577323652
327.80000000000632,0.97298545861390884,0.0040205436977541371
327.90000000000634,0.96537500240225183,0.0040257286954142376
328.00000000000637,0.96208434818235078,0.0040173768161554466
328.10000000000639,0.96108904920255134,0.0039981205255087016
328.20000000000641,0.95933280926562414,0.003972487369971388
328.30000000000643,0.95303630301102593,0.0039453304995531058
328.40000000000646,0.93882710911813783,0.003920627274227706
328.50000000000648,0.91801613979919439,0.0039014392756942387
328.6000000000065,0.90065581326448663,0.003890483980042176
328.70000000000653,0.90173838512596383,0.0038902632221120442
328.80000000000655,0.92953025860052252,0.0039023867489320933
328.90000000000657,0.97753854043488486,0.0039266213582647789
329.00000000000659,1.0295255848279723,0.0039605664373106933
329.10000000000662,1.0721576763281895,0.0040005133748434261
329.20000000000664,1.1017987206189039,0.0040430376641998464
329.30000000000666,1.1209830382834671,0.004086011595893042
329.40000000000668,1.1325908328044691,0.0041281797901424914
329.50000000000671,1.1388745808247303,0.0041679190986181423
329.60000000000673,1.1431924981440003,0.0042025025303935211
329.70000000000675,1.1496560086317362,0.0042283555204643613
329.80000000000678,1.1599859555546896,0.0042418537544333243
329.9000000000068,1.1699314664115779,0.0042403264622681543
330.00000000000682,1.1694729044387127,0.0042232294409101385
330.10000000000684,1.1496623505979509,0.0041930305467808727
330.20000000000687,1.1105592328810492,0.0041550567543623164
330.30000000000689,1.0609113332414299,0.0041161942816897194
330.40000000000691,1.011320309278497,0.0040830852289180167
330.50000000000693,0.97115123901321954,0.0040605128044786639
330.60000000000696,0.94964467599039359,0.0040504420283432241
330.70000000000698,0.95263203398499174,0.0040520237950456475
330.800000000007,0.97571932159449615,0.0040624653818257129
330.90000000000703,1.0043802997406337,0.0040781824859040397
331.00000000000705,1.0230471588158063,0.0040956799257501116
331.10000000000707,1.0240313502604246,0.0041120814522945526
331.20000000000709,1.0098351050343468,0.0041254632726504172
331.30000000000712,0.99044781307558571,0.0041349251542992082
331.40000000000714,0.97830187639773891,0.0041402552155100081
331.50000000000716,0.98171601853705914,0.0041415357659084868
331.60000000000719,0.99959809215499384,0.0041393451254456912
331.70000000000721,1.0218517894275483,0.0041355012104126671
331.80000000000723,1.035735128218702,0.004133477217704554
331.90000000000725,1.0329266608291163,0.0041380446473855206
332.00000000000728,1.0129148064660047,0.0041545778706201042
332.1000000000073,0.98317786968293741,0.0041882843191334996
332.20000000000732,0.95720569901264863,0.0042430599634672387
332.30000000000734,0.94836074344800814,0.0043200628043537481
332.40000000000737,0.96022983518547333,0.0044168002976389554
332.50000000000739,0.98207137756455853,0.0045273006856233634
332.60000000000741,0.99682207529151112,0.0046431485389267424
332.70000000000744,0.99550670504555128,0.0047547435357125738
332.80000000000746,0.98380064997117356,0.0048522603065242051
332.90000000000748,0.97512455685643284,0.0049263078687014229
333.0000000000075,0.97790381990502517,0.0049688587156397328
333.10000000000753,0.98824920600703992,0.0049749153843118149
333.20000000000755,0.99315576926563998,0.0049444531603294222
333.30000000000757,0.98080640030908517,0.0048833034018127084
333.40000000000759,0.95028762736226302,0.0048017734516660722
333.50000000000762,0.91402845020632328,0.0047111135731842434
333.60000000000764,0.89026415057274699,0.0046196337607619905
333.70000000000766,0.88995388394661679,0.0045308656198316871
333.80000000000769,0.90923797650069349,0.004444866053556951
333.90000000000771,0.93482468970105814,0.0043615676343947783
334.00000000000773,0.95650109051763121,0.0042837928265317621
334.10000000000775,0.97409040490215548,0.0042180087839867753
334.20000000000778,0.99345780586065058,0.0041725864629165305
334.3000000000078,1.0173235624156141,0.0041549975539448289
334.40000000000782,1.0400689855042207,0.0041698376411783856
334.50000000000784,1.0504889462283187,0.0042184280396599157
334.60000000000787,1.0394917712050136,0.0042989201202015851
334.70000000000789,1.007691864498683,0.0044051312322559476
334.80000000000791,0.96871591724556005,0.0045241151837973753
334.90000000000794,0.94379627833187185,0.0046355171435753257
335.00000000000796,0.94779612722636786,0.0047162880275044353
335.10000000000798,0.97805146094234474,0.0047500661381251041
335.200000000008,1.0183521757639575,0.0047350674374421918
335.30000000000803,1.0530543907929422,0.0046842606509466941
335.40000000000805,1.074134711169453,0.0046179974357635871
335.50000000000807,1.0756937308601482,0.0045552591465321118
335.60000000000809,1.0481308411694015,0.0045090285998723801
335.70000000000812,0.98338680772814513,0.0044860864937431161
335.80000000000814,0.88730936867238641,0.0044882845541970263
335.90000000000816,0.78555643252531548,0.0045133332727778121
336.00000000000819,0.71443274030338166,0.0045553380420311615
336.10000000000821,0.70099085764133962,0.0046059653892313963
336.20000000000823,0.74616040161772113,0.0046564730317559012
336.30000000000825,0.82331487517526603,0.004700054385005586
336.40000000000828,0.89354625129092691,0.0047333984687848458
336.5000000000083,0.92683257016713538,0.0047563569767620564
336.60000000000832,0.91521590963419597,0.0047697120470538866
336.70000000000834,0.87160190793909675,0.0047727692162733131
336.80000000000837,0.81821401447387554,0.0047629599435184428
336.90000000000839,0.7741713835473043,0.0047377943840123359
337.00000000000841,0.74984520843682068,0.0046971849829984908
337.10000000000844,0.74904465736125825,0.0046440786619222204
337.20000000000846,0.77343729228158753,0.0045833751143161284
337.30000000000848,0.82246151132037626,0.0045205533390498265
337.4000000000085,0.8883542827833093,0.0044609323974300254
337.50000000000853,0.9531554933681825,0.0044095332115719338
337.60000000000855,0.99394676469734733,0.0043714056123379356
337.70000000000857,0.99508468206829948,0.0043523039718854992
337.80000000000859,0.95943405145488547,0.0043590372024797141
337.90000000000862,0.90929819416542457,0.004398590379530944
338.00000000000864,0.87354854688659189,0.0044759139818133934
338.10000000000866,0.86923424194075583,0.0045912276628066332
338.20000000000869,0.89336589586117909,0.0047379565602831434
338.30000000000871,0.9310635238656465,0.0049024246337171784
338.40000000000873,0.96847997293537724,0.0050663196650415796
338.50000000000875,0.99750748882645168,0.0052117549568159857
338.60000000000878,1.0143613017400619,0.0053265715101800193
338.7000000000088,1.0193290886740651,0.0054066752872058794
338.80000000000882,1.015468551449443,0.0054542605874569241
338.90000000000884,1.0031922550377543,0.0054738463676263132
339.00000000000887,0.97863131651397983,0.0054691381009351172
339.10000000000889,0.94206425461830623,0.0054423792965453306
339.20000000000891,0.90616835980694166,0.0053958279235185981
339.30000000000894,0.89055028849104712,0.0053337671198651878
339.40000000000896,0.90679606219441822,0.0052634358024171877
339.50000000000898,0.95054329094794454,0.0051941148282053391
339.600000000009,1.0073674757778082,0.0051347491266996066
339.70000000000903,1.0635127982536241,0.0050914124515388758
339.80000000000905,1.1105201225603241,0.0050660442626023067
339.90000000000907,1.1428583127267133,0.0050569707603587508
340.00000000000909,1.1555427057143861,0.0050605899665032315
340.10000000000912,1.1464648740228602,0.0050732194270177331
340.20000000000914,1.1199600243029535,0.0050923593340421441
340.30000000000916,1.0853739979543069,0.0051170732149274445
340.40000000000919,1.0511829075224894,0.005147784751719277
340.50000000000921,1.0212393427243289,0.0051860718834649353
340.60000000000923,0.99651050096729876,0.0052344221428788926
340.70000000000925,0.97881486880509416,0.0052951729392628107
340.80000000000928,0.97112993043219153,0.0053683772081874626
340.9000000000093,0.97326903333033155,0.0054497932644625661
341.00000000000932,0.97758237846604568,0.0055307828122116327
341.10000000000935,0.97125390375122678,0.0056007368854450301
341.20000000000937,0.94663705059159942,0.0056507856412404689
341.30000000000939,0.91127082670107773,0.0056765976952136083
341.40000000000941,0.88557487734773077,0.0056787063201653876
341.50000000000944,0.88777732751327998,0.0056604225829579736
341.60000000000946,0.92072839681260998,0.0056248505295191358
341.70000000000948,0.97255251148772959,0.0055730218296866111
341.8000000000095,1.0260131818276039,0.0055044548952561658
341.90000000000953,1.0652617241882802,0.0054196525572233799
342.00000000000955,1.0790373947253784,0.0053223564482970907
342.10000000000957,1.0652926942699763,0.0052195460145352535
342.2000000000096,1.0346405376592465,0.0051191943483478485
342.30000000000962,1.0052548443091329,0.0050274842377225218
342.40000000000964,0.99077322608483054,0.0049471472385649107
342.50000000000966,0.99321160188540403,0.0048776383713039929
342.60000000000969,1.0080478529216765,0.0048170012847959971
342.70000000000971,1.0325334790525829,0.0047644701256046853
342.80000000000973,1.0643719176819739,0.0047223020733824375
342.90000000000975,1.0940721525178079,0.0046958086559911157
343.00000000000978,1.1062140974815919,0.0046917263183924402
343.1000000000098,1.0929502957583184,0.0047156035495360049
343.20000000000982,1.0641111487470194,0.0047688035411828315
343.30000000000985,1.0395279789421334,0.0048462667391764918
343.40000000000987,1.0299476500378033,0.0049368489804865971
343.50000000000989,1.0271116794627078,0.0050268623792855188
343.60000000000991,1.012684274118439,0.0051047847579682778
343.70000000000994,0.97368334611016227,0.005164081518707086
343.80000000000996,0.90889351123595408,0.0052030595856937811
343.90000000000998,0.82722667716037668,0.0052232339996964288
344.00000000001,0.74576384125006279,0.0052281452482805394
344.10000000001003,0.68552882888459021,0.0052231435504247062
344.20000000001005,0.66154344045413349,0.0052152797951504374
344.30000000001007,0.67473511502206274,0.005212264743016201
344.4000000000101,0.71431351442267088,0.0052203236042317408
344.50000000001012,0.76728303061897185,0.0052418889235320522
344.60000000001014,0.82548999189433969,0.0052746315116605578
344.70000000001016,0.88548275442135471,0.0053127786927606559
344.80000000001019,0.94363896308181505,0.005350077142398311
344.90000000001021,0.9925359500481582,0.0053823308565518124
345.00000000001023,1.0232726698944579,0.0054077730335261968
345.10000000001025,1.033057173763505,0.0054256144008609135
345.20000000001028,1.0302673133654774,0.0054349556690361277
345.3000000000103,1.0282946607017882,0.0054358522639857514
345.40000000001032,1.0318546356429998,0.0054318369359857106
345.50000000001035,1.0316492249818416,0.0054311402309644022
345.60000000001037,1.0145013809226784,0.0054445402750519841
345.70000000001039,0.97689521493754439,0.0054806309452008388
345.80000000001041,0.92821895277747468,0.0055414573228204714
345.90000000001044,0.88450578062149243,0.005621168084182524
346.00000000001046,0.86087978055170522,0.0057083891272705243
346.10000000001048,0.86576049326355076,0.0057910386854600326
346.2000000000105,0.89601030480908428,0.0058610672212382076
346.30000000001053,0.93650773816315436,0.0059165006550402494
346.40000000001055,0.96942603543998895,0.0059595946894856824
346.50000000001057,0.9881329204928827,0.0059924747648385781
346.6000000000106,1.0008768351861561,0.0060136194871067729
346.70000000001062,1.0190568024151498,0.0060180329602245747
346.80000000001064,1.0435737532043081,0.0060009626335068436
346.90000000001066,1.0634511714237451,0.0059621108945090047
347.00000000001069,1.064859414485152,0.0059071123264209206
347.10000000001071,1.0402658761808752,0.0058455003443517043
347.20000000001073,0.99207681297628814,0.0057870469212589004
347.30000000001075,0.93103982592355372,0.0057391963813466021
347.40000000001078,0.87262752390679754,0.0057070953689294223
347.5000000000108,0.83377278259217369,0.0056956708664084223
347.60000000001082,0.82789479948648947,0.0057119794197028357
347.70000000001085,0.85698924874684057,0.0057661565581632115
347.80000000001087,0.90737893514649748,0.0058697217924814507
347.90000000001089,0.95626905520668337,0.0060303711780931935
348.00000000001091,0.9850305592689591,0.0062442323677107869
348.10000000001094,0.98823853628855429,0.0064900625879721428
348.20000000001096,0.97383835832395405,0.00673110228256557
348.30000000001098,0.9575004501543638,0.0069258626773156442
348.400000000011,0.95403653455166781,0.0070424294762762444
348.50000000001103,0.96770883060357105,0.0070683826772810782
348.60000000001105,0.98711418482182789,0.0070115368769326841
348.70000000001107,0.99176746218875245,0.0068921176619683401
348.8000000000111,0.96861561687577336,0.0067316677139178218
348.90000000001112,0.92431069545348377,0.0065455649963885327
349.00000000001114,0.88036975876632906,0.0063429817825407884
349.10000000001116,0.85594338875305065,0.0061322342466920456
349.20000000001119,0.85515093208822668,0.0059255217587279117
349.30000000001121,0.86793970037857449,0.0057384113459650644
349.40000000001123,0.88000490441637447,0.005584709463614581
349.50000000001125,0.88457725564773226,0.0054714660859949849
349.60000000001128,0.88945583767508785,0.0053980330124187501
349.7000000000113,0.91160591943374303,0.0053589581344884027
349.80000000001132,0.96073399445447949,0.0053477182290549447
349.90000000001135,1.0282267526594169,0.0053590197462196759
350.00000000001137,1.0942231937117854,0.0053895459891622824
350.10000000001139,1.1434272876289366,0.0054378071447708405
350.20000000001141,1.171262899349804,0.0055031154756434702
350.30000000001144,1.1786132709524817,0.0055836444307951457
350.40000000001146,1.1681494089687408,0.0056747326825273203
350.50000000001148,1.1466133579779092,0.0057692175651272897
350.60000000001151,1.1238265899839048,0.005859986848895298
350.70000000001153,1.1049002452241126,0.0059426155137777322
350.80000000001155,1.0859438762081364,0.0060157818729720761
350.90000000001157,1.060259219135913,0.0060792478545374073
351.0000000000116,1.0266039942218685,0.006131053416309879
351.10000000001162,0.98957312701061106,0.0061658967789187304
351.20000000001164,0.95594018748907306,0.0061759901378613622
351.30000000001166,0.93487897454723001,0.0061544221042037304
351.40000000001169,0.93819395425343211,0.0060996413289336028
351.50000000001171,0.97259906236195115,0.0060189485605929068
351.60000000001173,1.0291430529729328,0.0059290122439934799
351.70000000001176,1.0834953070805273,0.0058521843542929403
351.80000000001178,1.11014453505396,0.0058091057301776355
351.9000000000118,1.0980267951934861,0.0058104012134580418
352.00000000001182,1.0540006866330984,0.0058514954898359391
352.10000000001185,0.99340546616755654,0.0059134928692560328
352.20000000001187,0.92896636146893363,0.0059700401573669253
352.30000000001189,0.86879441047403572,0.0059967757508458744
352.40000000001191,0.82227613869182925,0.0059787279379525495
352.50000000001194,0.80296999598121088,0.0059131378144476185
352.60000000001196,0.82176642546689649,0.005808565186728727
352.70000000001198,0.87599582156193712,0.0056822547580253034
352.80000000001201,0.94638282271142904,0.0055563594213800032
352.90000000001203,1.0072803768990612,0.0054528486125316683
353.00000000001205,1.0427649603411102,0.0053882777379565183
353.10000000001207,1.0551983125497053,0.0053708423213729446
353.2000000000121,1.0597052452744535,0.0054009754847091718
353.30000000001212,1.0699449978058959,0.0054742922698978102
353.40000000001214,1.0877957643419993,0.0055846816509198529
353.50000000001216,1.1061664158764677,0.0057262120710619121
353.60000000001219,1.1200842035741305,0.0058936192094602739
353.70000000001221,1.1314018905079393,0.0060818512019746801
353.80000000001223,1.1421296688128857,0.0062856059602520954
353.90000000001226,1.1483842279593037,0.0064992323143525394
354.00000000001228,1.1457081658053523,0.0067159992928929185
354.1000000000123,1.1381287413217409,0.0069261027134383275
354.20000000001232,1.1362397657118177,0.0071153740548084805
354.30000000001235,1.1455837610661854,0.0072675334348092776
354.40000000001237,1.1607798289334654,0.0073695784502396892
354.50000000001239,1.1721205682727049,0.00741625910212859
354.60000000001241,1.1752964141922082,0.0074102180349969807
354.70000000001244,1.1736863846278174,0.0073584538527747528
354.80000000001246,1.1725278646252477,0.0072686987626230581
354.90000000001248,1.1716030664270809,0.0071484290602075269
355.00000000001251,1.1638841569201852,0.0070060563097577725
355.10000000001253,1.1421332998157274,0.0068518237116933361
355.20000000001255,1.107358473412557,0.0066967723455312418
355.30000000001257,1.0706941209189431,0.0065503884308236657
355.4000000000126,1.0460573330379079,0.0064188005310835683
355.50000000001262,1.0393191947272378,0.0063049440564301139
355.60000000001264,1.0443433195187737,0.0062106374197650393
355.70000000001266,1.0507433966625563,0.0061389499083303435
355.80000000001269,1.0550773788351633,0.0060947530249498066
355.90000000001271,1.0626301296342373,0.0060827269965130215
356.00000000001273,1.0780763472627155,0.0061043999195465101
356.10000000001276,1.0951970106587874,0.0061568634626306415
356.20000000001278,1.0960248765445053,0.0062344780962396429
356.3000000000128,1.0626618427362144,0.0063322549394269206
356.40000000001282,0.99459049781749209,0.0064480956378517177
356.50000000001285,0.91413104131504863,0.0065821370117695073
356.60000000001287,0.84928260099527009,0.0067340315565702236
356.70000000001289,0.81002684908085099,0.0069004620942372599
356.80000000001291,0.78635863443559795,0.0070741724925539665
356.90000000001294,0.76907632763466049,0.0072439993218767137
357.00000000001296,0.76396350832576054,0.0073954379818375639
357.10000000001298,0.78202920899225858,0.0075127238166545311
357.20000000001301,0.82283669994276343,0.0075831170372625155
357.30000000001303,0.87306656898106494,0.0076014023538170904
357.40000000001305,0.91752628454228702,0.0075712791685091894
357.50000000001307,0.94601567075370052,0.0075029539375444576
357.6000000000131,0.95134065035454174,0.0074095597546524807
357.70000000001312,0.92741284668453383,0.0073044558911443316
357.80000000001314,0.87331757413984423,0.0071988106550777411
357.90000000001316,0.79874624308685771,0.0070991439107992447
358.00000000001319,0.72343414294927155,0.0070066599133768578
358.10000000001321,0.66806603234711326,0.0069193475836603468
358.20000000001323,0.64129299133704243,0.006834816767624965
358.30000000001326,0.63455647991781661,0.0067515726443700382
358.40000000001328,0.63288041014148599,0.0066688476439516501
358.5000000000133,0.6318006956743405,0.0065862364096400212
358.60000000001332,0.6414470756927243,0.0065036218148868249
358.70000000001335,0.67495336300959308,0.0064215339678973023
358.80000000001337,0.73635828642117362,0.0063422280643399501
358.90000000001339,0.81823436964973784,0.006270827532893008
359.00000000001342,0.90545474011858207,0.0062146269121211789
359.10000000001344,0.9809891533227294,0.0061796692378135488
359.20000000001346,1.0345307166162663,0.0061668097063361836
359.30000000001348,1.0694120570407923,0.0061707838156762219
359.40000000001351,1.0985112772100276,0.0061831450110694632
359.50000000001353,1.1311668335384231,0.0061963904832980053
359.60000000001355,1.1657260923950317,0.0062063195436886385
359.70000000001357,1.1947642623604429,0.0062124379584420387
359.8000000000136,1.2130213599288993,0.006218085266952997
359.90000000001362,1.2172343656622169,0.006230593614748316
360.00000000001364,1.2019914705062467,0.0062596953076454621
360.10000000001367,1.1624554960433111,0.0063134295328821973
360.20000000001369,1.102801244539775,0.0063941278309425564
360.30000000001371,1.0378924515621593,0.0064978619045676497
360.40000000001373,0.98348918208684311,0.0066173092924099695
360.50000000001376,0.9449148023697489,0.0067445936920439075
360.60000000001378,0.91549071532723336,0.006871635991655127
360.7000000000138,0.88627993680913686,0.0069892906667128329
360.80000000001382,0.85849139744353509,0.0070879002363841512
360.90000000001385,0.84517326571384332,0.0071594974629995778
361.00000000001387,0.85801967954297054,0.0071995883948602311
361.10000000001389,0.89389377899351352,0.0072072686221176848
361.20000000001392,0.93760402297371015,0.0071845720587833508
361.30000000001394,0.97527115261633202,0.0071363477018742006
361.40000000001396,0.99902860060515541,0.0070705462947273454
361.50000000001398,1.0004751993065397,0.0069977591477843109
361.60000000001401,0.97013956418667302,0.0069293981019452802
361.70000000001403,0.91066318366135834,0.0068752081586852766
361.80000000001405,0.84674911693507338,0.0068413977244870588
361.90000000001407,0.81348864729597858,0.0068300271790609135
362.0000000000141,0.83080109390068468,0.0068392838780373761
362.10000000001412,0.89018902140548894,0.006864125548410969
362.20000000001414,0.9664728807280305,0.0068973592304719831
362.30000000001417,1.0399856851309355,0.0069313060802429867
362.40000000001419,1.1062768771275269,0.0069596289901054723
362.50000000001421,1.1667981043884219,0.0069787305984985405
362.60000000001423,1.2147058097704959,0.0069884036898643668
362.70000000001426,1.2326317767618915,0.0069912094661151308
362.80000000001428,1.2041328542098984,0.006990129027717713
362.9000000000143,1.1281964837061829,0.006985768635541045
363.00000000001432,1.0261425136592233,0.0069757737623501988
363.10000000001435,0.93405682973359661,0.0069570131496349457
363.20000000001437,0.8822826422696125,0.0069277475046201327
363.30000000001439,0.87806209147081959,0.0068875190286916731
363.40000000001442,0.9077788615354625,0.0068363345224966756
363.50000000001444,0.95354974484122468,0.0067760424853511268
363.60000000001446,1.0049020086794722,0.0067135464638717144
363.70000000001448,1.0576502592052657,0.0066621514044454995
363.80000000001451,1.1072667786233545,0.0066382213105515581
363.90000000001453,1.1453586129848088,0.0066544281547126043
364.00000000001455,1.1620522836712239,0.0067140823395366945
364.10000000001457,1.1518585117223716,0.0068105046591816652
364.2000000000146,1.1177773163194469,0.0069315938087750302
364.30000000001462,1.0701092881884902,0.007065922863767532
364.40000000001464,1.021097381799184,0.0072061034307874094
364.50000000001467,0.97971501720187515,0.0073480633214754376
364.60000000001469,0.95077764070332871,0.0074886089640103185
364.70000000001471,0.93841325764856875,0.0076247714475161212
364.80000000001473,0.94837031144536321,0.0077555282856841875
364.90000000001476,0.98477152029403503,0.0078825305925761171
365.00000000001478,1.0448509869539095,0.0080067886652203796
365.1000000000148,1.1178542849684376,0.0081233905220419803
365.20000000001482,1.1889835995800235,0.0082199227728694171
365.30000000001485,1.245821976373396,0.0082812701265863528
365.40000000001487,1.2842502058156979,0.0082969823018440251
365.50000000001489,1.3095029347247793,0.0082649515897510791
365.60000000001492,1.3303407502766149,0.0081894895171597658
365.70000000001494,1.3513240497437613,0.008077348503205687
365.80000000001496,1.3701176529855359,0.0079353686387820203
365.90000000001498,1.3806961559422588,0.0077701038491424729
366.00000000001501,1.3781285638078513,0.0075885955991752043
366.10000000001503,1.3616235545771591,0.0074000344577885421
366.20000000001505,1.3355535619888497,0.0072171572802968821
366.30000000001507,1.3081991851420287,0.0070553369870463732
366.4000000000151,1.2871572481679676,0.0069291268116371089
366.50000000001512,1.273803144157144,0.0068486155005862597
366.60000000001514,1.26282768123349,0.0068179321876357347
366.70000000001517,1.2487384920029292,0.006835928533115365
366.80000000001519,1.2333813126063782,0.0068974774478645657
366.90000000001521,1.2266045421931833,0.0069943608032834292
367.00000000001523,1.2377718842796575,0.0071158033339853528
367.10000000001526,1.265275510585272,0.0072487501839654366
367.20000000001528,1.2956271444648992,0.0073780088168451663
367.3000000000153,1.3136337076821814,0.0074875536807101272
367.40000000001532,1.3114791665898629,0.0075644749116917142
367.50000000001535,1.2884957357191331,0.0076041408467595736
367.60000000001537,1.2479575022550762,0.0076122156005375913
367.70000000001539,1.1976026698798956,0.0076007955549127005
367.80000000001542,1.149971079866805,0.007581041632957343
367.90000000001544,1.1181264665800823,0.0075578335088419156
368.00000000001546,1.1096101536304241,0.0075300247824411281
368.10000000001548,1.1224733076217761,0.0074949138222962829
368.20000000001551,1.144857272186375,0.0074523135336826392
368.30000000001553,1.1596602838598113,0.007404916601469024
368.40000000001555,1.1538654186066355,0.0073559078900015994
368.50000000001558,1.1274468025525155,0.0073076384510276223
368.6000000000156,1.0954369550126464,0.0072634582063230832
368.70000000001562,1.080681932201629,0.0072301062629474113
368.80000000001564,1.1006532529649742,0.0072163255113312499
368.90000000001567,1.1557769368485464,0.0072275190475891175
369.00000000001569,1.2270635143080182,0.0072610440915880552
369.10000000001571,1.2863472721106366,0.0073061072313950039
369.20000000001573,1.313891162189226,0.007348077841862804
369.30000000001576,1.3105689647996963,0.0073744836735877154
369.40000000001578,1.2943876933423799,0.007379724423567869
369.5000000000158,1.285525429890656,0.0073664781176107563
369.60000000001583,1.2945016852653397,0.0073438055678943428
369.70000000001585,1.3206122968089222,0.0073234349861682852
369.80000000001587,1.3550271504036515,0.0073150462529975192
369.90000000001589,1.3834434135614915,0.0073211464712209474
370.00000000001592,1.3901019711046656,0.0073343410170796939
370.10000000001594,1.3638715187645349,0.0073403057946946834
370.20000000001596,1.3029135571298298,0.0073252184625236484
370.30000000001598,1.2161674722600975,0.0072820147938107132
370.40000000001601,1.1219485001151071,0.007211808000873429
370.50000000001603,1.042234992505477,0.0071222328499076252
370.60000000001605,0.99357455635699854,0.0070262001850910994
370.70000000001608,0.9818093361337652,0.0069413749794172966
370.8000000000161,1.0053189647371432,0.0068874894244489067
370.90000000001612,1.0606352918923674,0.0068798425212561777
371.00000000001614,1.1422907350124589,0.0069224468835735438
371.10000000001617,1.2389608285300968,0.007007267644435467
371.20000000001619,1.3331762752134624,0.007121496445039642
371.30000000001621,1.4058654980621978,0.0072564486546249545
371.40000000001623,1.4419449057866043,0.007409735096533583
371.50000000001626,1.4336221671313947,0.007579908439514985
371.60000000001628,1.3796089655069876,0.0077604201106421366
371.7000000000163,1.2829934803581033,0.0079386712756562786
371.80000000001633,1.1544281870812036,0.0080995879827960946
371.90000000001635,1.0190954174791205,0.0082301912870510578
372.00000000001637,0.91461490304897264,0.0083234592222256893
372.10000000001639,0.87416068531483415,0.0083807581138030385
372.20000000001642,0.90715570979383764,0.0084104420458109754
372.30000000001644,0.99316471047975607,0.0084212581996889139
372.40000000001646,1.092510568213412,0.0084148478952620516
372.50000000001648,1.1672167136155689,0.0083843919598162904
372.60000000001651,1.2010274419996851,0.0083210352840566611
372.70000000001653,1.2040350595217044,0.0082223454713610065
372.80000000001655,1.1956607389996339,0.0080960195836388294
372.90000000001658,1.1816013253774591,0.0079569212798609248
373.0000000000166,1.1489946844315995,0.0078205312290559985
373.10000000001662,1.0825534246753448,0.0076975088851193498
373.20000000001664,0.98210319570192994,0.0075924081854189971
373.30000000001667,0.86683878443065743,0.007506463033350552
373.40000000001669,0.76747532406749741,0.007441701339606162
373.50000000001671,0.71341239017520797,0.0074027038303685422
373.60000000001673,0.72148574679478195,0.0073937593324185837
373.70000000001676,0.79045442511333519,0.0074128293117170481
373.80000000001678,0.90103656817336375,0.0074472967916017624
373.9000000000168,1.0202454573052886,0.007476197972835278
374.00000000001683,1.1110038067979879,0.0074785823058323162
374.10000000001685,1.1461454132285223,0.0074423825848557307
374.20000000001687,1.1200169452760929,0.0073684613665099853
374.30000000001689,1.0492336751922164,0.007269395579850093
374.40000000001692,0.96119308505968704,0.0071654108287849032
374.50000000001694,0.87890064401702939,0.0070788570830204933
374.60000000001696,0.81335037284776524,0.0070284123947083575
374.70000000001698,0.7681630108640638,0.0070256647384780158
374.80000000001701,0.75059142813908375,0.0070754279714611654
374.90000000001703,0.7750287877215738,0.0071772224996805214
375.00000000001705,0.85139958520101333,0.0073245450756597207
375.10000000001708,0.97068277138235104,0.0075027358764130315
375.2000000000171,1.1057315312576628,0.0076899211118607808
375.30000000001712,1.2250249536018674,0.0078632759883337459
375.40000000001714,1.3022723161153023,0.0080071143820487356
375.50000000001717,1.3189628240019591,0.0081173622156663853
375.60000000001719,1.2718209837010304,0.0082010264494172206
375.70000000001721,1.1838606768854898,0.0082735214091580762
375.80000000001723,1.0992616555410517,0.0083554136870371762
375.90000000001726,1.0555616464828912,0.0084659096233028509
376.00000000001728,1.05801834483224,0.0086116388062206298
376.1000000000173,1.0831197030564519,0.00877731443590247
376.20000000001733,1.1048271641465652,0.0089284646337255691
376.30000000001735,1.1136682041575545,0.0090273579802300202
376.40000000001737,1.1135911891145929,0.0090507387880713868
376.50000000001739,1.1098266570517503,0.0089967295842359601
376.60000000001742,1.1054998334690929,0.0088787669191406279
376.70000000001744,1.1053087626552101,0.0087148211473493473
376.80000000001746,1.1148044694907171,0.0085209801745054249
376.90000000001749,1.136435802692088,0.0083109860702288499
377.00000000001751,1.1702382320838385,0.0080969588096717095
377.10000000001753,1.2156428511110422,0.0078883939112733455
377.20000000001755,1.2682238946246811,0.0076920193157972386
377.30000000001758,1.3177393804284059,0.0075146884426066669
377.4000000000176,1.3544500318930945,0.0073659161596731663
377.50000000001762,1.3768979795235423,0.0072556839405637872
377.60000000001764,1.3917212052236125,0.0071888412387000247
377.70000000001767,1.407501066810805,0.0071611138087919191
377.80000000001769,1.4296947403545193,0.007159274949417295
377.90000000001771,1.4585040437231052,0.0071653203188201857
378.00000000001774,1.4889809722015535,0.0071641135059633413
378.10000000001776,1.5137066432582509,0.0071512991043095097
378.20000000001778,1.5255050793069198,0.0071348595990353217
378.3000000000178,1.5168023781600772,0.0071276665774781872
378.40000000001783,1.4796544279284052,0.0071376719632994298
378.50000000001785,1.4124476198575813,0.0071646581556882392
378.60000000001787,1.3273154963949072,0.0072045025240262779
378.70000000001789,1.2464436277999733,0.0072546043977632802
378.80000000001792,1.1890294132273103,0.0073157625011222114
378.90000000001794,1.1618093616935408,0.0073914734949744433
379.00000000001796,1.1581789008348509,0.0074871705653915092
379.10000000001799,1.1622273062628479,0.0076094862436114881
379.20000000001801,1.1566810491273785,0.0077640513994869107
379.30000000001803,1.1329954935936777,0.0079513185214211621
379.40000000001805,1.095058014444386,0.0081621175191315121
379.50000000001808,1.0525735091779183,0.0083763027353750321
379.6000000000181,1.0138670436481856,0.008566993774121746
379.70000000001812,0.98749529688708215,0.0087092016415148462
379.80000000001814,0.98617762366990802,0.0087882196757964846
379.90000000001817,1.0213180023505011,0.0088037100202725486
380.00000000001819,1.0917009156738262,0.0087687298254215361
380.10000000001821,1.1806675800236144,0.0087048358151315432
380.20000000001824,1.2648642195763098,0.0086347069817817763
380.30000000001826,1.3245051971602182,0.0085748130883911786
380.40000000001828,1.3493727174761263,0.0085311749430764406
380.5000000000183,1.3428567069487383,0.0084993410917756102
380.60000000001833,1.3226344124794451,0.0084678923049293416
380.70000000001835,1.3119153174257421,0.0084246594249454878
380.80000000001837,1.3230864456191187,0.0083636961996553152
380.90000000001839,1.3470288536313333,0.0082888055383734966
381.00000000001842,1.3588635176574233,0.0082106803539795017
381.10000000001844,1.3356265887832697,0.0081402205431100137
381.20000000001846,1.2715944837426032,0.0080839156763983407
381.30000000001849,1.181642790013929,0.0080439672248555395
381.40000000001851,1.0930295387141016,0.008020377186929304
381.50000000001853,1.0309116101153473,0.0080112256937359978
381.60000000001855,1.003649920755239,0.00801132750726463
381.70000000001858,0.99690809707345629,0.0080128852335830444
381.8000000000186,0.98577043395585429,0.0080093978104488293
381.90000000001862,0.95862675976089107,0.007998176172518176
382.00000000001864,0.92734872862143403,0.0079767491985524696
382.10000000001867,0.90904547127574542,0.0079372668810894255
382.20000000001869,0.9012620637720411,0.0078688103942752934
382.30000000001871,0.8833183835250944,0.0077691659526561698
382.40000000001874,0.84176872172529837,0.0076540768961591904
382.50000000001876,0.78683862672881755,0.0075519021313045836
382.60000000001878,0.74188385762763831,0.0074865803767757925
382.7000000000188,0.72221424051067995,0.0074641043912648444
382.80000000001883,0.72565312656703773,0.0074738496111413626
382.90000000001885,0.73762335430269754,0.0075013291630206137
383.00000000001887,0.74172096040855662,0.0075388644995913676
383.10000000001889,0.72991727539722995,0.007585108204607254
383.20000000001892,0.70813996191251016,0.0076379122745894746
383.30000000001894,0.69150223133702082,0.0076919631915751642
383.40000000001896,0.69065414465079411,0.0077447639195509267
383.50000000001899,0.70173147897125554,0.0078022415188569059
383.60000000001901,0.71077240000284492,0.0078745318267115765
383.70000000001903,0.7089368295908004,0.0079642847187664217
383.80000000001905,0.70365218165000676,0.0080594896942540861
383.90000000001908,0.71498168810744189,0.0081393948963843204
384.0000000000191,0.76073056462097122,0.0081899686370708203
384.10000000001912,0.84270177810239266,0.008216186502257616
384.20000000001914,0.94412963588839127,0.0082399211069099903
384.30000000001917,1.0399562185107867,0.008284239041223761
384.40000000001919,1.1119650358307847,0.0083574590472371649
384.50000000001921,1.1562010881124722,0.0084495185576905496
384.60000000001924,1.1777021031411976,0.0085393950147596154
384.70000000001926,1.1811489397462349,0.0086035340024905472
384.80000000001928,1.1694872451041409,0.0086215706257830229
384.9000000000193,1.1501400501176999,0.0085833729697648246
385.00000000001933,1.1355739876612749,0.0084967048132816893
385.10000000001935,1.1324484650683015,0.0083873703164219909
385.20000000001937,1.1331375297700339,0.008288526257568431
385.30000000001939,1.1230257563731842,0.0082267378145605349
385.40000000001942,1.0948388048549571,0.0082134195211833183
385.50000000001944,1.0523255944976235,0.0082418970603653774
385.60000000001946,1.0022077182025491,0.0082872441314134349
385.70000000001949,0.94880430895227386,0.0083123155401520158
385.80000000001951,0.89978518840056665,0.0082839378758231812
385.90000000001953,0.87348155688291884,0.0081908907006874605
386.00000000001955,0.89183251792305362,0.0080483260287764445
386.10000000001958,0.96011106689392733,0.0078856958179147514
386.2000000000196,1.0553532495226166,0.0077312835310271418
386.30000000001962,1.1396382849474915,0.0076055949127374293
386.40000000001965,1.1863608537045962,0.0075229400931190564
386.50000000001967,1.193442982606745,0.0074933250114752586
386.60000000001969,1.1740002578664286,0.0075205119013660527
386.70000000001971,1.1391854161991541,0.0075986449929269584
386.80000000001974,1.0917542633013833,0.0077120099812065298
386.90000000001976,1.033613320993185,0.007839904215870365
387.00000000001978,0.97636954608925453,0.0079641136928289575
387.1000000000198,0.94225709360553689,0.0080739243199244252
387.20000000001983,0.95160710904220636,0.0081657644466442726
387.30000000001985,1.0053822149069473,0.0082395822927984613
387.40000000001987,1.0783172844797926,0.0082963827159823755
387.5000000000199,1.1320666147652219,0.0083385007377258322
387.60000000001992,1.1407744482890305,0.0083697700029169986
387.70000000001994,1.1082057351896697,0.0083925527429473505
387.80000000001996,1.0608177114135082,0.0084036893750501461
387.90000000001999,1.0238363613622248,0.0083950449989143999
388.00000000002001,1.0050847857424694,0.0083601085821883737
388.10000000002003,1.0002317414210449,0.0083007911972164013
388.20000000002005,1.0048304267702726,0.0082282597340288758
388.30000000002008,1.0140920452371802,0.0081582572155240278
388.4000000000201,1.0171973424768235,0.0081056500694222169
388.50000000002012,1.0038991289524306,0.0080812875933673287
388.60000000002015,0.97818835161924478,0.0080912351767363309
388.70000000002017,0.95907677686374371,0.008137128615529822
388.80000000002019,0.96684137439998641,0.0082160069579473478
388.90000000002021,1.0100284232251822,0.0083186031325152929
389.00000000002024,1.0812474793538849,0.0084276020402587956
389.10000000002026,1.1606070848168506,0.0085196183629196037
389.20000000002028,1.2260527522115943,0.0085725317259391434
389.3000000000203,1.2662834917209396,0.0085743784251225297
389.40000000002033,1.2859953522530772,0.0085281158276365975
389.50000000002035,1.2982112239820016,0.0084505758252802678
389.60000000002037,1.3110885544915496,0.0083672905211556545
389.7000000000204,1.3224660256797236,0.0083040948819083724
389.80000000002042,1.3266052927006227,0.0082771206679063888
389.90000000002044,1.3224550324219468,0.0082868075022231261
390.00000000002046,1.3120367971570248,0.0083207342809924114
390.10000000002049,1.2939928424763407,0.0083618912322002102
390.20000000002051,1.2648483575776266,0.0083945517059296273
390.30000000002053,1.2273227747583886,0.0084060451563340854
390.40000000002055,1.1943639057320448,0.0083891173732261477
390.50000000002058,1.1838291253304163,0.0083459270297619806
390.6000000000206,1.2075290596035899,0.0082886984481075118
390.70000000002062,1.2618970002302754,0.0082345455790275423
390.80000000002065,1.3290882236864259,0.0081982247022767234
390.90000000002067,1.3897729251674855,0.0081871800356956258
391.00000000002069,1.434858373614351,0.0082004933148430749
391.10000000002071,1.4645336054618709,0.0082327864692989562
391.20000000002074,1.4802295935192322,0.0082826848945477243
391.30000000002076,1.4817600658158916,0.0083596118027827616
391.40000000002078,1.4701857937692711,0.0084793373155647896
391.5000000000208,1.4485797211356595,0.0086468068025756083
391.60000000002083,1.4188135486530542,0.008839198176949857
391.70000000002085,1.3794551165810038,0.0090064646623541321
391.80000000002087,1.3285295842380864,0.0090940084179963864
391.9000000000209,1.2694290872424963,0.0090736886973388654
392.00000000002092,1.2136923482227275,0.008960811265542783
392.10000000002094,1.175236259087802,0.0088039618831842539
392.20000000002096,1.1589736255459753,0.008655832370829071
392.30000000002099,1.1542316032905116,0.0085475794864218017
392.40000000002101,1.1399019408412343,0.0084823382733975432
392.50000000002103,1.0972573356114164,0.0084442267592829637
392.60000000002105,1.0201191139525065,0.0084093211630000154
392.70000000002108,0.91592739307729631,0.0083521950565848858
392.8000000000211,0.79933942794389445,0.0082521948347372628
392.90000000002112,0.68425818069111333,0.008103022451658835
393.00000000002115,0.57946942498927023,0.0079202091036543621
393.10000000002117,0.48991143220372679,0.0077379231059043112
393.20000000002119,0.4212091245634193,0.0075945807171061488
393.30000000002121,0.38208927999416903,0.0075160290174236836
393.40000000002124,0.38141421286675409,0.0075057426358756023
393.50000000002126,0.42245493374581516,0.00754575236310563
393.60000000002128,0.49994214512921581,0.0076065019937948909
393.7000000000213,0.60182607890317652,0.0076599750524733714
393.80000000002133,0.71277853295718197,0.007688778682523675
393.90000000002135,0.81690247195521426,0.0076872884060168066
394.00000000002137,0.90075993754282113,0.0076579296858177957
394.1000000000214,0.95809858231276834,0.0076084328199670856
394.20000000002142,0.99417079559424515,0.0075510390135318161
394.30000000002144,1.0248336314849988,0.0075000942380207035
394.40000000002146,1.0672270971675886,0.0074677749125632914
394.50000000002149,1.1268799820667186,0.0074624052347138682
394.60000000002151,1.1941449982400425,0.0074903851246060542
394.70000000002153,1.2554343925383971,0.0075566194914621259
394.80000000002156,1.3056431427837956,0.0076610817369211388
394.90000000002158,1.3465733808281735,0.0077969952941600289
395.0000000000216,1.3776691374594805,0.0079550544541648737
395.10000000002162,1.3955360319193193,0.0081283392010125608
395.20000000002165,1.4013935271890676,0.0083101548519652069
395.30000000002167,1.4017154532273624,0.0084875918290238089
395.40000000002169,1.4004518124735761,0.0086417697962820807
395.50000000002171,1.39647305963491,0.0087579347182587045
395.60000000002174,1.3890735122809383,0.0088338631907687124
395.70000000002176,1.3782079425265963,0.0088744755707240528
395.80000000002178,1.3562911027164453,0.0088781085574408374
395.90000000002181,1.3074524042053235,0.0088325974662868262
396.00000000002183,1.2223062937251827,0.0087276817771907364
396.10000000002185,1.1113664570326072,0.0085691665044930043
396.20000000002187,0.99777132999205109,0.0083787871298438097
396.3000000000219,0.89615422401421685,0.0081820789782661597
396.40000000002192,0.80257542348681421,0.0079984033047709475
396.50000000002194,0.70582081844376421,0.0078400347600149425
396.60000000002196,0.60523200158885193,0.0077152725178054266
396.70000000002199,0.516615524227796,0.0076289037627566038
396.80000000002201,0.4633561006961478,0.0075795799007588307
396.90000000002203,0.46235039860421184,0.0075582776311404389
397.00000000002206,0.5151322622468637,0.0075513503585028039
397.10000000002208,0.6089017263959603,0.0075479674709304119
397.2000000000221,0.7251308771979581,0.0075483056935993992
397.30000000002212,0.84856076509020872,0.0075672335739601681
397.40000000002215,0.97066229308221341,0.0076292859253645614
397.50000000002217,1.0879211979778594,0.007755737367686367
397.60000000002219,1.1991565790758834,0.0079512857180880359
397.70000000002221,1.3035218153855794,0.0081993135342789802
397.80000000002224,1.3979558123446776,0.0084682846168658132
397.90000000002226,1.475339819919939,0.0087246463121942661
398.00000000002228,1.5271593129800871,0.0089454446346723393
398.10000000002231,1.5503398509526605,0.0091237332537704597
398.20000000002233,1.5517275476613106,0.0092617158875979572
398.30000000002235,1.544919580664063,0.0093555136372715127
398.40000000002237,1.5424574048294499,0.0093856310880775472
398.5000000000224,1.5509503035622054,0.0093244057068704988
398.60000000002242,1.5714686887570204,0.0091558569650481841
398.70000000002244,1.6010504732494546,0.008891683916624947
398.80000000002246,1.6334983457190493,0.0085718756368995067
398.90000000002249,1.662366777898334,0.0082514913942759987
399.00000000002251,1.6849464120733868,0.0079827283882438604
399.10000000002253,1.7014505015802233,0.0078013466003758886
399.20000000002256,1.7103400777205857,0.0077223668559720073
399.30000000002258,1.7074899066837326,0.007743355704390064
399.4000000000226,1.6910687769818984,0.0078499129421976694
399.50000000002262,1.6661472947680511,0.0080210651501027852
399.60000000002265,1.6445102461560923,0.0082352225468492416
399.70000000002267,1.6396152947939591,0.0084742646495560431
399.80000000002269,1.6585017722770852,0.0087214572926873173
399.90000000002271,1.695816182442945,0.0089553373518427883
400.00000000002274,1.7362386162944896,0.00914875345187585
400.10000000002276,1.7629122020188712,0.0092783541298003848
400.20000000002278,1.7631750464232385,0.0093373955656675112
400.30000000002281,1.7318163791150356,0.0093387552825662506
400.40000000002283,1.6777604722923489,0.009304669776891766
400.50000000002285,1.6269539741041195,0.0092543847550345167
400.60000000002287,1.6084009711097451,0.009201023847118352
400.7000000000229,1.6317486677808046,0.0091544840556904584
400.80000000002292,1.6812810990496332,0.0091204286953232485
400.90000000002294,1.7324769223094416,0.0090954737694127763
401.00000000002296,1.7706455381958262,0.0090669484276749059
401.10000000002299,1.7942188919728848,0.0090201230056935876
401.20000000002301,1.8070677438676692,0.0089474006040793502
401.30000000002303,1.8122347476202059,0.0088525387684869703
401.40000000002306,1.8108822536374254,0.0087470767118152624
401.50000000002308,1.8039656694983213,0.0086421588752409375
401.6000000000231,1.7949004398191364,0.0085419919818709063
401.70000000002312,1.790361078102096,0.0084424016297993208
401.80000000002315,1.7956804105743081,0.0083341186732323203
401.90000000002317,1.8088207996788845,0.0082092388741234392
402.00000000002319,1.8216578617042349,0.0080677634284239495
402.10000000002321,1.8276421299623671,0.0079192783264440732
402.20000000002324,1.8262979019998993,0.0077776033462215333
402.30000000002326,1.8218664831597624,0.0076528533363828524
402.40000000002328,1.8206822660179676,0.0075482778567367839
402.50000000002331,1.8277214353566258,0.0074640133783198922
402.60000000002333,1.8405811249795392,0.0074015792619239098
402.70000000002335,1.8460504955778634,0.0073621464065380766
402.80000000002337,1.8266381150741959,0.007340754383752441
402.9000000000234,1.77465301441788,0.0073259531289613248
403.00000000002342,1.7013731491437702,0.0073085936501859862
403.10000000002344,1.6317993774062791,0.007291214785784054
403.20000000002346,1.5899341824499817,0.007287553763748348
403.30000000002349,1.5882724287242762,0.0073133277057699673
403.40000000002351,1.6269879050456246,0.0073788967546380511
403.50000000002353,1.6965360437806196,0.0074893480688324075
403.60000000002356,1.778873686558212,0.0076455820311086727
403.70000000002358,1.8509661468712089,0.0078384942520583947
403.8000000000236,1.8941659249067722,0.0080409999009110455
403.90000000002362,1.9037537930362478,0.0082115505140836521
404.00000000002365,1.887746981827646,0.0083125576988573244
404.10000000002367,1.8533199606356854,0.0083300619422910002
404.20000000002369,1.7959559957277589,0.0082796559379974786
404.30000000002372,1.7087037980108093,0.0081978817470510622
404.40000000002374,1.6053641256309394,0.008129046957553468
404.50000000002376,1.5272631185964352,0.0081141182707746545
404.60000000002378,1.5164034471228867,0.008179728490967016
404.70000000002381,1.5795397016997084,0.008326783103440252
404.80000000002383,1.6822789499909465,0.0085286014412115346
404.90000000002385,1.7770476938649167,0.0087457221972824586
405.00000000002387,1.8329881563057835,0.0089427842943092736
405.1000000000239,1.8443951577381945,0.0090875716866042101
405.20000000002392,1.8226546168866347,0.0091419760545379761
405.30000000002394,1.7848010394743219,0.0090724408300290049
405.40000000002397,1.7446713873265745,0.0088774111740859279
405.50000000002399,1.7093151744045165,0.0085986957076430361
405.60000000002401,1.6819392582322099,0.0083019536981686209
405.70000000002403,1.6670038263262277,0.0080462592459168737
405.80000000002406,1.6688577634649708,0.0078651472090003633
405.90000000002408,1.6822879685317504,0.0077626030310448809
406.0000000000241,1.6877489138381079,0.00771796465023837
406.10000000002412,1.6645325657450829,0.0076950565831394859
406.20000000002415,1.6131745197791418,0.0076536832667814126
406.30000000002417,1.5608840308199252,0.0075633650248173893
406.40000000002419,1.5397403240631962,0.0074161412898771728
406.50000000002422,1.5606802526686518,0.0072300061560954393
406.60000000002424,1.6104797476040291,0.0070385578949816782
406.70000000002426,1.6670452698327518,0.0068737924690972802
406.80000000002428,1.7101344659574649,0.0067534222436967817
406.90000000002431,1.7247704129127464,0.0066789640476506837
407.00000000002433,1.7095323872690882,0.0066431663799429849
407.10000000002435,1.6829459861364813,0.0066397369413526636
407.20000000002437,1.6696090959650058,0.0066686335409772302
407.3000000000244,1.6746781606880468,0.006735953877269228
407.40000000002442,1.6786353111917942,0.0068510609922656099
407.50000000002444,1.6612441301334289,0.0070222725407263868
407.60000000002447,1.6265825621213663,0.0072517982775664996
407.70000000002449,1.6017762216992679,0.0075324772514391769
407.80000000002451,1.613209987684133,0.0078494270993121635
407.90000000002453,1.6642308080431192,0.0081869801814454003
408.00000000002456,1.7322571780058731,0.008535321656759725
408.10000000002458,1.7851853484584399,0.0088865236787470502
408.2000000000246,1.803726122784187,0.0092183321147407214
408.30000000002462,1.7937110281708391,0.0094842930402837099
408.40000000002465,1.7799719461253669,0.0096304933335894516
408.50000000002467,1.7870955466111695,0.0096296903516447079
408.60000000002469,1.8221698716112125,0.0095005627746332123
408.70000000002472,1.8718167829535104,0.0092949561839847216
408.80000000002474,1.9135771260931402,0.0090677013700966747
408.90000000002476,1.9313273319333686,0.0088559955812973021
409.00000000002478,1.9234160542753078,0.0086812050128418864
409.10000000002481,1.8994320572238401,0.0085611360844576288
409.20000000002483,1.8700295452339455,0.0085102094211851678
409.30000000002485,1.8385730272505192,0.008523141580932158
409.40000000002487,1.8015821374738443,0.0085637410003773177
409.5000000000249,1.7563252471070123,0.0085790734555796534
409.60000000002492,1.7051799838320434,0.0085325964226023298
409.70000000002494,1.6506796353709883,0.0084310488792619532
409.80000000002497,1.5895525467664784,0.0083251622098521917
409.90000000002499,1.5175648783214473,0.0082835336652340875
410.00000000002501,1.4424876144114938,0.0083559820862903929
410.10000000002503,1.3886093100113683,0.0085465448251982618
410.20000000002506,1.3825918213793955,0.008808654329519279
410.30000000002508,1.4322449423475927,0.0090647386095813586
410.4000000000251,1.5196953195571801,0.0092410968943210468
410.50000000002512,1.6143921275313347,0.0092984662256186002
410.60000000002515,1.6913465041101248,0.009240328792095194
410.70000000002517,1.7403106703579616,0.0090969063007728564
410.80000000002519,1.7646747193535923,0.0088999324383466707
410.90000000002522,1.7757155259603734,0.0086685011136093514
411.00000000002524,1.786267954609905,0.0084137054053154397
411.10000000002526,1.8054222420439279,0.0081498449045127302
411.20000000002528,1.8353583869570671,0.007896577561237442
411.30000000002531,1.8712721327453405,0.0076724419953022177
411.40000000002533,1.904058082270748,0.0074902676334328219
411.50000000002535,1.92394781654068,0.0073573102976665777
411.60000000002537,1.9241217693616226,0.0072746158087000426
411.7000000000254,1.9048557011419529,0.0072342613362503623
411.80000000002542,1.8759167389695395,0.0072202330983250664
411.90000000002544,1.8518292399532192,0.0072161429230883168
412.00000000002547,1.8415576442711066,0.0072149777323426883
412.10000000002549,1.8434822509654025,0.0072241042735894474
412.20000000002551,1.8505225934481675,0.0072628007945040006
412.30000000002553,1.8566887184269418,0.0073528889623083902
412.40000000002556,1.8577537857498136,0.0075058717984298412
412.50000000002558,1.8504899594141537,0.007714668469457244
412.6000000000256,1.835198516008627,0.0079587181858396267
412.70000000002563,1.8168001435013417,0.0082209520733697965
412.80000000002565,1.7995697484364395,0.0085010986591015376
412.90000000002567,1.7810169147908264,0.0088105883399915985
413.00000000002569,1.7545003527059841,0.0091539207461493102
413.10000000002572,1.7200855554726471,0.0095157609256107754
413.20000000002574,1.6911601917185042,0.0098623248316676015
413.30000000002576,1.6870392435213417,0.01014819426106554
413.40000000002578,1.717591333895419,0.010322464649813184
413.50000000002581,1.7751424630097374,0.010339565319588052
413.60000000002583,1.8406275191369352,0.010175976423982011
413.70000000002585,1.8960518132564699,0.0098431972862976919
413.80000000002588,1.9305154424565789,0.009388548821181647
413.9000000000259,1.9370507593593316,0.0088838375745382853
414.00000000002592,1.9099139946267185,0.0084068834955298571
414.10000000002594,1.8505776474539359,0.0080227983739074755
414.20000000002597,1.7767302560165563,0.0077709963268660148
414.30000000002599,1.7196368501974009,0.007659339042227725
414.40000000002601,1.705006290620064,0.0076644100134529922
414.50000000002603,1.7333439340257435,0.0077398710973208343
414.60000000002606,1.7806428180529905,0.0078345222491955462
414.70000000002608,1.8187421683705949,0.0079123738327613463
414.8000000000261,1.8343174133838367,0.0079601005696548054
414.90000000002613,1.8310971094506505,0.007976001324495257
415.00000000002615,1.8188609042125596,0.0079526831811742669
415.10000000002617,1.8026193662069085,0.0078724767217295769
415.20000000002619,1.7815716920868991,0.0077206276425324811
415.30000000002622,1.7560598488462682,0.0075021202756555602
415.40000000002624,1.7324400478627691,0.0072459586141118094
415.50000000002626,1.7200285270645796,0.0069950700400580514
415.60000000002628,1.724871470973637,0.006790273240964261
415.70000000002631,1.7470471994830561,0.0066555698093169677
415.80000000002633,1.7818231419982073,0.0065903413131560128
415.90000000002635,1.8222532797289555,0.0065741849979688615
416.00000000002638,1.8621302088044818,0.0065824882182446169
416.1000000000264,1.8973262813674583,0.0065998511739917025
416.20000000002642,1.9240772063256568,0.0066213436279623462
416.30000000002644,1.9372583232630918,0.0066461322516278504
416.40000000002647,1.9324112194954017,0.006673093031342889
416.50000000002649,1.9101749862096868,0.0067004999936855388
416.60000000002651,1.8785460356242638,0.0067282496551969388
416.70000000002653,1.8492417234992731,0.0067626371018678737
416.80000000002656,1.8283159973272045,0.0068192336552652527
416.90000000002658,1.8091802214745594,0.006915506358664272
417.0000000000266,1.7787277751458046,0.0070544383615830288
417.10000000002663,1.7333600378728293,0.0072137266841488645
417.20000000002665,1.6866660035956675,0.007353587883589475
417.30000000002667,1.6583634917489569,0.0074405650288798903
417.40000000002669,1.6567405214860844,0.0074700271201996703
417.50000000002672,1.6739014778798622,0.0074685669348694165
417.60000000002674,1.6965162573877612,0.0074726009291366689
417.70000000002676,1.7174182500490187,0.0075009149916946101
417.80000000002678,1.7357537077523379,0.0075458377032806513
417.90000000002681,1.7496268184347472,0.0075893519432142639
418.00000000002683,1.7541106450087314,0.0076244244354121736
418.10000000002685,1.7480317369985701,0.0076592885579561433
418.20000000002688,1.7383606585301505,0.0077052151507595451
418.3000000000269,1.7331527932891402,0.0077631674146194998
418.40000000002692,1.7310781821873056,0.0078173129600673536
418.50000000002694,1.722846757358738,0.0078372435818185489
418.60000000002697,1.7051713788062346,0.0077937955436470493
418.70000000002699,1.6896349762516554,0.0076844124808723418
418.80000000002701,1.6930482069171122,0.0075466308806107661
418.90000000002703,1.7203273256337672,0.0074428246014726848
419.00000000002706,1.761193958876766,0.0074258679980990514
419.10000000002708,1.8013202184133339,0.0075112967128860876
419.2000000000271,1.8297990805709949,0.0076733641295553849
419.30000000002713,1.8372116166613084,0.0078645952128179007
419.40000000002715,1.8164007837157752,0.0080428930166472849
419.50000000002717,1.7695622647382216,0.0081849999161797485
419.60000000002719,1.710214826413275,0.0082802634335318263
419.70000000002722,1.6555499755449086,0.0083215635561155066
419.80000000002724,1.6177974413770424,0.0083099570855501622
419.90000000002726,1.6009577431922051,0.0082656271968118422
420.00000000002728,1.6026350107282201,0.0082243740035363288
420.10000000002731,1.6193113565703996,0.0082149601495260481
420.20000000002733,1.650148560134141,0.0082381138025966402
420.30000000002735,1.6943789562026068,0.0082703973192536917
420.40000000002738,1.7465724448278961,0.0082900259572065895
420.5000000000274,1.7973909076121595,0.0082976531587549349
420.60000000002742,1.838416598172929,0.0083111702760324032
420.70000000002744,1.8650766147186169,0.0083410057718250694
420.80000000002747,1.8773528068939469,0.0083717411484964463
420.90000000002749,1.8802909423948468,0.008368884362379897
421.00000000002751,1.8816777433477319,0.0083041907306776446
421.10000000002753,1.8848339280012123,0.0081766150031560396
421.20000000002756,1.8832126857193012,0.0080146071298639789
421.30000000002758,1.8657752076115346,0.0078634815504050361
421.4000000000276,1.8303808450745644,0.007768695478707845
421.50000000002763,1.7908944434890213,0.0077621955131914775
421.60000000002765,1.7685400751437077,0.007853568852869473
421.70000000002767,1.775226215343513,0.0080250762632151015
421.80000000002769,1.8053301316323309,0.0082319456290160867
421.90000000002772,1.8412142677504868,0.0084139896542522654
422.00000000002774,1.8629305454104561,0.008520598903665336
422.10000000002776,1.8539420260113353,0.0085354988017542557
422.20000000002779,1.8042011457832658,0.0084800608032360898
422.30000000002781,1.7136520459481472,0.0083913570770833522
422.40000000002783,1.5963962737455941,0.0082961328279488739
422.50000000002785,1.4834682436432862,0.0082029992653220637
422.60000000002788,1.4168571767278171,0.0081123255621064448
422.7000000000279,1.42816907343873,0.008027195440068885
422.80000000002792,1.5138613712675786,0.0079560858122392601
422.90000000002794,1.6331630524774297,0.0079114422767536004
423.00000000002797,1.734973497557925,0.0079079281292676259
423.10000000002799,1.7884109976165017,0.0079566278135065355
423.20000000002801,1.7919541812712634,0.0080548052834280136
423.30000000002804,1.7621198997731742,0.0081811893008439211
423.40000000002806,1.718370413404148,0.008305097931586479
423.50000000002808,1.6761771108342003,0.0084037145223448077
423.6000000000281,1.6470665169376333,0.0084735526784842381
423.70000000002813,1.6380828521929927,0.008527223758030892
423.80000000002815,1.649545712838008,0.0085789364870398864
423.90000000002817,1.6757515408438695,0.0086325110065129471
424.00000000002819,1.7084798771658383,0.0086836947043989164
424.10000000002822,1.7401178916200102,0.0087328853456217631
424.20000000002824,1.7661036111412081,0.0087902456046148915
424.30000000002826,1.7848697358606254,0.0088617793827996862
424.40000000002829,1.79323410734725,0.0089304365897850922
424.50000000002831,1.7835783411784099,0.0089575188273014698
424.60000000002833,1.7500334091286103,0.0089056123932670338
424.70000000002835,1.6977871735745493,0.0087589966637192842
424.80000000002838,1.6441329044545092,0.0085271027754738118
424.9000000000284,1.6098851767213853,0.0082385370364504613
425.00000000002842,1.6075244924696743,0.007933656379888486
425.10000000002844,1.6325875670057577,0.0076538992101395625
425.20000000002847,1.6661279090829459,0.00742746412054264
425.30000000002849,1.6908714535364946,0.007257661347504058
425.40000000002851,1.7059794390498715,0.007121796583822405
425.50000000002854,1.7210037139473513,0.0069847283032555612
425.60000000002856,1.7355890815380104,0.0068210639108032363
425.70000000002858,1.7334624596415065,0.0066294190764193406
425.8000000000286,1.7018115744152857,0.006428068764892686
425.90000000002863,1.6530173539152271,0.0062404641869223823
426.00000000002865,1.6211523705036639,0.0060854154383894049
426.10000000002867,1.6346491155584024,0.0059741293721664633
426.20000000002869,1.6926748258636959,0.0059078315498342551
426.30000000002872,1.7676100774361323,0.005876719292571872
426.40000000002874,1.8274902451014843,0.0058670984735737742
426.50000000002876,1.8541940841364881,0.0058760829420319493
426.60000000002879,1.8447333289217722,0.0059221320684893297
426.70000000002881,1.8033958010347688,0.0060390199582292048
426.80000000002883,1.7360564722435661,0.0062529525544799654
426.90000000002885,1.6505434283560514,0.0065595273755631464
427.00000000002888,1.5610932119854151,0.006921778624362356
427.1000000000289,1.489322871436811,0.007290583961062698
427.20000000002892,1.4552106935335312,0.0076247336128400763
427.30000000002894,1.4655573755937126,0.007894998623443672
427.40000000002897,1.5132264609376493,0.0080841569702622788
427.50000000002899,1.5844353112572904,0.0081956939806252654
427.60000000002901,1.6615554848579017,0.0082575813010081506
427.70000000002904,1.7230893543806116,0.0083051259774664394
427.80000000002906,1.7517707994031184,0.0083556137011434918
427.90000000002908,1.7472607853547339,0.008399096216141929
428.0000000000291,1.7272170609089561,0.008410064120771962
428.10000000002913,1.7118847596799529,0.0083668115189061143
428.20000000002915,1.707263338376688,0.008263657729175632
428.30000000002917,1.7036929658085878,0.0081087224361177501
428.40000000002919,1.6891192482419821,0.0079143167825441244
428.50000000002922,1.6612413759971147,0.0076943030913879853
428.60000000002924,1.6264322989445186,0.0074680764571137155
428.70000000002926,1.5906202110498466,0.0072561009728908561
428.80000000002929,1.5569015593649225,0.0070650839233199264
428.90000000002931,1.5321234900511069,0.0068819171851165458
429.00000000002933,1.5279579061588873,0.0066879967340295081
429.10000000002935,1.5493302034998999,0.0064790035047030516
429.20000000002938,1.5843760079089286,0.0062689860516414644
429.3000000000294,1.6106027152148241,0.006078435912574778
429.40000000002942,1.6103092424099656,0.0059225476320240167
429.50000000002944,1.5779133326477586,0.0058095323686806243
429.60000000002947,1.5161064806295548,0.0057458306424547859
429.70000000002949,1.4321260128971602,0.0057418369533563263
429.80000000002951,1.3395472474504395,0.0058133910504612534
429.90000000002954,1.2580938600634761,0.0059756913677658325
430.00000000002956,1.2051694283659267,0.006232220745660242
430.10000000002958,1.1855509686567187,0.0065679230577736459
430.2000000000296,1.1902314548537656,0.0069516213149408935
430.30000000002963,1.2042946199359261,0.0073426328225856307
430.40000000002965,1.2140074223105262,0.0076979106494917725
430.50000000002967,1.2092341540449294,0.0079837409330176991
430.6000000000297,1.1862094492011308,0.0081889922918013495
430.70000000002972,1.1521184021309889,0.0083242719325255926
430.80000000002974,1.1247585609543553,0.0084029190840261107
430.90000000002976,1.1234819516289989,0.0084256829138272208
431.00000000002979,1.1588556761408282,0.0083884945069525544
431.10000000002981,1.2306671855590627,0.0083002335437574303
431.20000000002983,1.3332848344354666,0.0081834563835794846
431.30000000002985,1.4600700649482337,0.0080565968738188515
431.40000000002988,1.6025970343705551,0.007920947927304349
431.5000000000299,1.7470996136490622,0.0077658008260210968
431.60000000002992,1.8737811630267396,0.007581752695753295
431.70000000002995,1.963037044249258,0.0073677546969588047
431.80000000002997,2.0045376282105805,0.0071295514962859304
431.90000000002999,1.9993444612328828,0.0068763768319845169
432.00000000003001,1.9529217924715696,0.0066207360600035571
432.10000000003004,1.8689556284055409,0.0063785643195566292
432.20000000003006,1.7533420267301489,0.0061658771818363907
432.30000000003008,1.6250011176442605,0.0059951546953364993
432.4000000000301,1.5196213350996486,0.0058766463177352419
432.50000000003013,1.4761611719447008,0.0058212725838091683
432.60000000003015,1.5126784743390123,0.0058379980739379058
432.70000000003017,1.6117169249989933,0.0059270941976144317
432.8000000000302,1.7302791528892527,0.0060768472594495216
432.90000000003022,1.827611685053715,0.0062666833345102844
433.00000000003024,1.887065383941664,0.0064746095564061868
433.10000000003026,1.9154363317610896,0.0066853342968042438
433.20000000003029,1.9260978270291189,0.0068933081613282267
433.30000000003031,1.9240333220679577,0.0070974765229274185
433.40000000003033,1.902594738414326,0.0072938095658819377
433.50000000003035,1.8499541152818837,0.0074740481558371753
433.60000000003038,1.7597324464766835,0.007629104917595492
433.7000000000304,1.6399571127218964,0.0077491951152489228
433.80000000003042,1.5145932630944106,0.0078205241248973604
433.90000000003045,1.4161845904227581,0.0078273999060834241
434.00000000003047,1.3728778403260631,0.007764511122367145
434.10000000003049,1.3950137845609014,0.0076513313297637449
434.20000000003051,1.4695526894562048,0.0075346287382054124
434.30000000003054,1.5688623808496336,0.0074747478545434017
434.40000000003056,1.6671598804142738,0.0075266675426499561
434.50000000003058,1.7501018595193496,0.0077268785055899054
434.6000000000306,1.8132323814892903,0.0080828367172710285
434.70000000003063,1.8554337811615862,0.0085602055894508471
434.80000000003065,1.8729205568370917,0.0090795128907687848
434.90000000003067,1.8591717538075143,0.009536706114493804
435.0000000000307,1.8148568108493677,0.0098395904197078159
435.10000000003072,1.7583955003139553,0.0099363942929961615
435.20000000003074,1.7196359152867284,0.0098249150686249617
435.30000000003076,1.71799777390402,0.009548840671239775
435.40000000003079,1.7489387726099668,0.0091863520983830899
435.50000000003081,1.792354576953419,0.0088253819140076944
435.60000000003083,1.8295749547616376,0.0085280335121157291
435.70000000003085,1.8526117016269006,0.0083081749006537389
435.80000000003088,1.8649566373664985,0.0081424901316069238
435.9000000000309,1.8773002879896037,0.0080013237386599729
436.00000000003092,1.8983570639892204,0.0078674674156739999
436.10000000003095,1.9272183405886028,0.0077332604448855629
436.20000000003097,1.9558796177591387,0.0075933631806182024
436.30000000003099,1.9772496602957652,0.0074457855825707814
436.40000000003101,1.9871853171911409,0.0072942661862000595
436.50000000003104,1.9820506963146569,0.007143505926824229
436.60000000003106,1.9610770327903786,0.0069907258250884027
436.70000000003108,1.9308659692206895,0.0068224518172503596
436.8000000000311,1.9021661786928836,0.0066219295054931295
436.90000000003113,1.8809649582784642,0.0063839410319075033
437.00000000003115,1.8646318288959041,0.0061242201792210049
437.10000000003117,1.8457739175174253,0.0058727404300203418
437.2000000000312,1.818751009276842,0.0056563414038985071
437.30000000003122,1.7856174550888944,0.0054867531768620532
437.40000000003124,1.7583423808415177,0.0053616898133592404
437.50000000003126,1.7523279216161192,0.0052723340461267735
437.60000000003129,1.7734717601887722,0.0052082211044111853
437.70000000003131,1.8106458854158223,0.0051591655469806425
437.80000000003133,1.8410090968815849,0.0051193043713239203
437.90000000003135,1.8416087597079678,0.0050937592771424997
438.00000000003138,1.797601420530377,0.0051021653557153752
438.1000000000314,1.7079399990158473,0.0051756202576707143
438.20000000003142,1.592827817211601,0.0053498712031689009
438.30000000003145,1.494174613694141,0.0056560314643756028
438.40000000003147,1.4552950719437279,0.0061056466162657331
438.50000000003149,1.4895322403924929,0.0066746589524658033
438.60000000003151,1.5696943934466421,0.0073027608587037957
438.70000000003154,1.6516531769988265,0.007915300450811024
438.80000000003156,1.7072898498990405,0.0084503954046869952
438.90000000003158,1.7360586055843958,0.0088718441899576263
439.0000000000316,1.7524936837332317,0.0091704786987076726
439.10000000003163,1.7684187804243752,0.009360707006949253
439.20000000003165,1.7856714018615107,0.0094640596214488094
439.30000000003167,1.8014997427475725,0.0094836095902503057
439.4000000000317,1.8172981073832866,0.009400657381376739
439.50000000003172,1.8387562378112496,0.0092065119977935341
439.60000000003174,1.8663276458406761,0.0089329451606221955
439.70000000003176,1.8890309353170405,0.0086415778108533958
439.80000000003179,1.8923245887091407,0.008380286086057372
439.90000000003181,1.8724358892887858,0.0081488298470606419
440.00000000003183,1.8393853293312605,0.0079035690555566539
440.10000000003186,1.8043959674471892,0.007595631527292002
440.20000000003188,1.7686664004609121,0.0072120714714128606
440.3000000000319,1.729820849419806,0.006790093501881085
440.40000000003192,1.6962146217472136,0.006395899543669782
440.50000000003195,1.6853215180556451,0.0060861365374141677
440.60000000003197,1.7064240810121227,0.0058810785127399127
440.70000000003199,1.7527497931012357,0.0057650883038434199
440.80000000003201,1.8120123961413184,0.0057048309273670149
440.90000000003204,1.8761475906826941,0.0056648924350046429
441.00000000003206,1.9373878044223554,0.0056134675792624275
441.10000000003208,1.981646112768914,0.0055268966048904805
441.20000000003211,1.9926597648583007,0.0053984428687803756
441.30000000003213,1.9652868043982168,0.0052427565084304959
441.40000000003215,1.9154591327601604,0.0050869320454487209
441.50000000003217,1.8746625651368118,0.0049536528590347169
441.6000000000322,1.8697379394831506,0.0048519179188942557
441.70000000003222,1.9049118937409228,0.0047832896822976529
441.80000000003224,1.9612414309620447,0.0047537783538601584
441.90000000003226,2.0106679741127582,0.00477355764044376
442.00000000003229,2.0324323412819867,0.0048418900592119363
442.10000000003231,2.0234593718445772,0.0049371347605734993
442.20000000003233,1.9978130588219181,0.0050289565026220995
442.30000000003236,1.9748348417137012,0.0051015093164229206
442.40000000003238,1.9656623476477111,0.0051620827194630309
442.5000000000324,1.9699458029979828,0.0052286553207624761
442.60000000003242,1.9817956222044482,0.0053121380244014905
442.70000000003245,1.9946730763521605,0.005408146370841577
442.80000000003247,2.0020633134971968,0.0055008408585716009
442.90000000003249,1.9992125579275304,0.0055746756542559813
443.00000000003251,1.9861562633855583,0.0056265531153943463
443.10000000003254,1.9661092388491193,0.0056687629920412442
443.20000000003256,1.940844826197504,0.0057185461756913917
443.30000000003258,1.9122455767930029,0.0057824924532159355
443.40000000003261,1.8893408567114169,0.0058507118215054407
443.50000000003263,1.8878278882943884,0.0059070267548317736
443.60000000003265,1.9170496844097307,0.0059457694165822089
443.70000000003267,1.9675533418033953,0.0059811204830052507
443.8000000000327,2.0141386677461033,0.0060432565036142982
443.90000000003272,2.0327737322550914,0.0061641023464792154
444.00000000003274,2.016771882306946,0.0063602500423603891
444.10000000003276,1.9806144526441334,0.0066247417258422968
444.20000000003279,1.9502440230539209,0.0069367253568906467
444.30000000003281,1.9463026769718919,0.0072818278664578849
444.40000000003283,1.9709493641897811,0.0076596894035187964
444.50000000003286,2.0084224646416784,0.0080640058787084436
444.60000000003288,2.0393852763488378,0.0084540380918452802
444.7000000000329,2.0552237127312387,0.0087537565676999735
444.80000000003292,2.0589076534091477,0.0088880333995620796
444.90000000003295,2.0555777766122394,0.0088264688714150361
445.00000000003297,2.0455184945198353,0.0085995727739607442
445.10000000003299,2.0241003855699664,0.0082787906800699702
445.20000000003301,1.9856877772469574,0.0079397938479960333
445.30000000003304,1.9301260776718547,0.0076339823190327092
445.40000000003306,1.8682761851655558,0.007379042702465209
445.50000000003308,1.8182541799359229,0.0071659164187529642
445.60000000003311,1.7923541286249276,0.0069752612713214887
445.70000000003313,1.7884092124024269,0.0067938564326838358
445.80000000003315,1.7951886686772809,0.0066202403382513769
445.90000000003317,1.804155823443724,0.0064566876417408844
446.0000000000332,1.8152353654651889,0.0062975952614360339
446.10000000003322,1.8340342652665194,0.0061287287659665323
446.20000000003324,1.864677026331512,0.0059405782340125335
446.30000000003326,1.903666801690681,0.0057420504664928941
446.40000000003329,1.9405680494175548,0.0055586599529475781
446.50000000003331,1.9654697478122165,0.0054174651051622875
446.60000000003333,1.9751103525246279,0.0053350810496174943
446.70000000003336,1.9728240657330662,0.0053167216481011196
446.80000000003338,1.9663253392705204,0.0053601390725521282
446.9000000000334,1.9661231766231058,0.0054593842456729129
447.00000000003342,1.9814512492208936,0.005610694493692895
447.10000000003345,2.0138448011360168,0.0058198228889262986
447.20000000003347,2.0550542895140218,0.0061029222899465141
447.30000000003349,2.0927921223741204,0.0064767547167666004
447.40000000003351,2.1190755341922221,0.0069451859637579749
447.50000000003354,2.1333276813662558,0.0074926404022774727
447.60000000003356,2.1374525664900346,0.008086900177181687
447.70000000003358,2.1284782568140397,0.0086833811086584681
447.80000000003361,2.0990415104318463,0.0092250028053623562
447.90000000003363,2.0482814811801497,0.0096449796149227322
448.00000000003365,1.9913108269997959,0.0098815596855689487
448.10000000003367,1.9539816771441627,0.009896927081968581
448.2000000000337,1.9553552272766861,0.00968655110675159
448.30000000003372,1.9938118434374452,0.0092811322872720682
448.40000000003374,2.04859814845112,0.0087480815390886691
448.50000000003376,2.0934580289604519,0.0081828263420119472
448.60000000003379,2.1104714932307522,0.0076776482107530925
448.70000000003381,2.0968469943877905,0.0072817611888811281
448.80000000003383,2.0645755075923899,0.0069863514596016562
448.90000000003386,2.0336048870306462,0.0067495772597804303
449.00000000003388,2.0196528131882898,0.0065360178596140916
449.1000000000339,2.0237514376479111,0.0063330897833279564
449.20000000003392,2.0334274451441923,0.0061392646441485038
449.30000000003395,2.0360214982388172,0.0059504445302575324
449.40000000003397,2.0312728408003649,0.0057622445387149786
449.50000000003399,2.030173680463454,0.0055789814753194281
449.60000000003402,2.0423363375857129,0.0054152149089779665
449.70000000003404,2.0661851717947486,0.0052907266899763191
449.80000000003406,2.0911932179985211,0.0052259785721179026
449.90000000003408,2.1081740080929872,0.0052373494549870035
450.00000000003411,2.1175382087650738,0.0053285795880508363
450.10000000003413,2.1285170237293656,0.0054826469014321259
450.20000000003415,2.1499320178436188,0.0056634570792205834
450.30000000003417,2.1810192990909498,0.0058299325676143205
450.4000000000342,2.2115503150281679,0.0059528641243868719
450.50000000003422,2.2306675204656683,0.0060215504840728917
450.60000000003424,2.2349674561236355,0.0060382796266329362
450.70000000003427,2.2291973758896111,0.0060111581038723239
450.80000000003429,2.2209269866370152,0.0059529094143748826
450.90000000003431,2.2141125563178368,0.0058804846711302374
451.00000000003433,2.2063345538769519,0.0058089461548126763
451.10000000003436,2.1921821856948283,0.0057445274128630633
451.20000000003438,2.1698318304531199,0.0056861453086866336
451.3000000000344,2.1441095544318531,0.0056355591099548066
451.40000000003442,2.1229135767865053,0.0056063702167389673
451.50000000003445,2.1110992788481746,0.0056210276113952051
451.60000000003447,2.1083221949132072,0.0056949899529438837
451.70000000003449,2.1121043002567275,0.0058210831805737672
451.80000000003452,2.1207187277822031,0.0059687733605620673
451.90000000003454,2.1316415811529676,0.0060995622790827085
452.00000000003456,2.1391038223656529,0.0061877070037149196
452.10000000003458,2.1361815882553796,0.0062334136894448512
452.20000000003461,2.1194542706430477,0.0062588249675634292
452.30000000003463,2.0899207994844371,0.0062872030195518253
452.40000000003465,2.0498502568583867,0.0063210599806253279
452.50000000003467,2.0014760513934364,0.0063385094692839615
452.6000000000347,1.9496435890118451,0.0063115821606053125
452.70000000003472,1.9035381960140503,0.0062320843523341694
452.80000000003474,1.8736153247896847,0.0061250894001409345
452.90000000003477,1.8657324405211713,0.0060378566360181742
453.00000000003479,1.8769186640946642,0.0060089459788429545
453.10000000003481,1.8961109435402224,0.0060395401541755286
453.20000000003483,1.9109678461845931,0.0060898464642797634
453.30000000003486,1.917678845373882,0.006103211452129261
453.40000000003488,1.9256655575496633,0.0060385129597174238
453.5000000000349,1.9501330224521967,0.0058887104433797367
453.60000000003492,1.9966007279029545,0.005678479883489118
453.70000000003495,2.0525774469723621,0.0054485503252698362
453.80000000003497,2.0966010638483072,0.0052383892701712989
453.90000000003499,2.1161517407520791,0.0050761272562575444
454.00000000003502,2.1158461983107646,0.0049790707895940424
454.10000000003504,2.1089031130799873,0.0049602489013632258
454.20000000003506,2.1032480801616384,0.0050310910763651517
454.30000000003508,2.0970300882867581,0.0051933526530722066
454.40000000003511,2.0851910220950205,0.0054243435677276981
454.50000000003513,2.0664338923281722,0.0056714183056165721
454.60000000003515,2.0429997738582109,0.0058701699281062383
454.70000000003517,2.0175926916157372,0.0059780930697955117
454.8000000000352,1.9940807461021135,0.0059941490729782648
454.90000000003522,1.9790830469239962,0.0059464245493426483
455.00000000003524,1.977881289391124,0.0058643228644705576
455.10000000003527,1.987884845083542,0.0057640898828191928
455.20000000003529,1.9996474874204773,0.0056543374407028151
455.30000000003531,2.0063060587528065,0.0055464566887224254
455.40000000003533,2.0107286359037131,0.0054579483703558907
455.50000000003536,2.0224352624774991,0.0054081572188824801
455.60000000003538,2.0480329199246574,0.0054085531501657635
455.7000000000354,2.0848884484739458,0.0054518111118066525
455.80000000003542,2.1233869361402395,0.0055092230309936709
455.90000000003545,2.1538887935602538,0.0055420972241870103
456.00000000003547,2.1705394550541151,0.0055198177722144345
456.10000000003549,2.1701426217510313,0.0054312924203079559
456.20000000003552,2.1517201774306018,0.0052838863343774439
456.30000000003554,2.1201621638672234,0.0050954874093127635
456.40000000003556,2.0887260076343592,0.0048898513782777231
456.50000000003558,2.0733957040574666,0.0046977670737287968
456.60000000003561,2.081444464954596,0.0045555877340824769
456.70000000003563,2.1051484139084353,0.0044950772385185713
456.80000000003565,2.1276306135530043,0.0045322824309272413
456.90000000003567,2.1358719151582286,0.0046665962182846129
457.0000000000357,2.1299008852364882,0.0048884524208157145
457.10000000003572,2.1213232417045598,0.0051838983207855537
457.20000000003574,2.1227100657487745,0.0055301066655262113
457.30000000003577,2.1369134693923253,0.0058898552542134622
457.40000000003579,2.1560294022653501,0.0062179391985812925
457.50000000003581,2.1692716014662818,0.0064802135996601682
457.60000000003583,2.1695378358289803,0.0066684522413187489
457.70000000003586,2.1537553075437326,0.0067942087824860841
457.80000000003588,2.1221781104026602,0.0068671467920774273
457.9000000000359,2.0803160338794999,0.0068827174445447786
458.00000000003593,2.0392190024771844,0.0068343835281526755
458.10000000003595,2.0099784618515621,0.0067350443756528135
458.20000000003597,1.9965944127847473,0.0066180676381797383
458.30000000003599,1.9952230356081098,0.0065117040396194146
458.40000000003602,2.0007847468815099,0.0064145886637519342
458.50000000003604,2.0129046499362238,0.0062995160024443093
458.60000000003606,2.0341661052874547,0.0061392143480062606
458.70000000003608,2.0631312296292279,0.0059282586814302738
458.80000000003611,2.0907681874489392,0.0056888523378282032
458.90000000003613,2.1052246594174031,0.0054643024688126457
459.00000000003615,2.1009099299728309,0.0053030273680575489
459.10000000003618,2.0830609109439044,0.0052362220931834076
459.2000000000362,2.0631060044580498,0.0052621651043745282
459.30000000003622,2.0493627612877492,0.0053496845554811623
459.40000000003624,2.0424701919101977,0.0054576042772836219
459.50000000003627,2.039065643728236,0.0055561565198036069
459.60000000003629,2.0372966851808596,0.0056385415480438234
459.70000000003631,2.0373072552227787,0.00571780843399349
459.80000000003633,2.0385297049158138,0.0058128474806443233
459.90000000003636,2.0395746069832525,0.0059347965622660245
460.00000000003638,2.0407957683296978,0.0060830271967932644
460.1000000000364,2.0445480792491608,0.0062484542032889842
460.20000000003643,2.0520419087923103,0.0064147955236844266
460.30000000003645,2.0618439388755845,0.0065554705927737848
460.40000000003647,2.0727448160442026,0.0066363419122528822
460.50000000003649,2.0865410882561455,0.0066319191054979307
460.60000000003652,2.1060084680578139,0.0065429247531397384
460.70000000003654,2.1300326211730178,0.0063957933085278676
460.80000000003656,2.1517095180315771,0.0062255446109688089
460.90000000003658,2.1622353696075116,0.0060605169779048814
461.00000000003661,2.1576951433368472,0.0059159688532949657
461.10000000003663,2.1426466099638,0.0057910294601872898
461.20000000003665,2.1269144311296322,0.0056709078571355398
461.30000000003668,2.1184155647102836,0.0055389943961597632
461.4000000000367,2.1182680463871932,0.0053901009471825313
461.50000000003672,2.1217326769104479,0.0052327763562664631
461.60000000003674,2.1233405827576601,0.0050826182849794815
461.70000000003677,2.1215307042620855,0.0049558241133199439
461.80000000003679,2.1193489153665643,0.0048654185243117102
461.90000000003681,2.1212486145707512,0.004817812725551901
462.00000000003683,2.1287037183608479,0.0048111541826091281
462.10000000003686,2.1385412894327622,0.0048396206687266715
462.20000000003688,2.1458151666630743,0.0049030824389415294
462.3000000000369,2.1480397996060048,0.0050151650068490858
462.40000000003693,2.1465178018386339,0.0052025064921886041
462.50000000003695,2.1445310420909172,0.0054929362510522028
462.60000000003697,2.1444816778040861,0.0058949838023978768
462.70000000003699,2.1459904385896751,0.0063769870986483982
462.80000000003702,2.146878448603367,0.0068633412958815096
462.90000000003704,2.1460235424997518,0.0072635122126494863
463.00000000003706,2.1438788515916491,0.0075204508188016954
463.10000000003708,2.1402288666390406,0.0076353296401579758
463.20000000003711,2.1337954732298297,0.0076440195328544907
463.30000000003713,2.124431323926486,0.0075744722818601694
463.40000000003715,2.113267664730869,0.0074314006329849113
463.50000000003718,2.1003936367591263,0.0072153180555277691
463.6000000000372,2.0851143571754158,0.0069455239257545289
463.70000000003722,2.0694400788171965,0.006661605686121814
463.80000000003724,2.0591110694320856,0.0064050095996125728
463.90000000003727,2.0593876127560211,0.0061999541940939229
464.00000000003729,2.0698371867255285,0.006050196164661883
464.10000000003731,2.0832677940820084,0.0059490705300155279
464.20000000003733,2.0895388771389265,0.0058860564258302528
464.30000000003736,2.0811408232070852,0.0058434973516612518
464.40000000003738,2.0568436741136558,0.0057957991589040331
464.5000000000374,2.0223110325271496,0.0057196945580197753
464.60000000003743,1.9887051084041543,0.0056057328268984694
464.70000000003745,1.9689926964114925,0.0054588462448287214
464.80000000003747,1.9715111100582254,0.0052897164859104645
464.90000000003749,1.9945096737982557,0.0051062773784164642
465.00000000003752,2.0268965269097325,0.0049108168081959435
465.10000000003754,2.0548594442340233,0.0047024909754430641
465.20000000003756,2.0688657989692767,0.0044826398923031203
465.30000000003758,2.0673572046958344,0.0042597446117180384
465.40000000003761,2.0571473729655483,0.0040502930673850567
465.50000000003763,2.0503509146542949,0.0038733394052193524
465.60000000003765,2.057691316984549,0.0037424683426759277
465.70000000003768,2.0815055470302752,0.0036627044309707709
465.8000000000377,2.1135200057467367,0.003634525647835386
465.90000000003772,2.1394032574050534,0.0036593627333355644
466.00000000003774,2.1472406240502182,0.0037409707427110686
466.10000000003777,2.1338562537088843,0.0038822602847273231
466.20000000003779,2.1041084832063297,0.004080977508058482
466.30000000003781,2.0642773112573605,0.0043285864754448056
466.40000000003783,2.0166744044782074,0.0046129936664772051
466.50000000003786,1.9622304265215984,0.004920143065998161
466.60000000003788,1.9089371139150617,0.0052314477402517325
466.7000000000379,1.8744423816156437,0.0055209090960302194
466.80000000003793,1.8750524999996379,0.0057563304187102466
466.90000000003795,1.9105426949247823,0.0059062500298659613
467.00000000003797,1.9622268942123349,0.0059530527571361232
467.10000000003799,2.0076075256488846,0.0059059937723033784
467.20000000003802,2.0365600611757588,0.005800947433912255
467.30000000003804,2.0538275668013464,0.0056833517054550153
467.40000000003806,2.0680774612734667,0.0055885169547428021
467.50000000003809,2.0803803972042907,0.0055338395184919885
467.60000000003811,2.0833573162563361,0.0055208543164910967
467.70000000003813,2.0703580823825956,0.0055365749209488968
467.80000000003815,2.044263119944346,0.0055530286058346973
467.90000000003818,2.0169755323437499,0.0055331378340220099
468.0000000000382,2.001035961827879,0.0054463043083943889
468.10000000003822,2.0020371012182028,0.0052867028228034104
468.20000000003824,2.0172890213290571,0.0050812958116924758
468.30000000003827,2.0392177839058632,0.0048772648674507589
468.40000000003829,2.0598591484097919,0.0047145771609675893
468.50000000003831,2.074053705678105,0.0046060080382745502
468.60000000003834,2.0801361381413122,0.0045396247268451977
468.70000000003836,2.0787474821116243,0.0044946852085891381
468.80000000003838,2.0717287847859174,0.0044537452887548311
468.9000000000384,2.0619535326700777,0.0044059430506753457
469.00000000003843,2.0533945052722227,0.0043458698847876264
469.10000000003845,2.0504029948953368,0.0042716180969477879
469.20000000003847,2.0557073718616348,0.0041836837962549861
469.30000000003849,2.0681173468604905,0.004086143522424741
469.40000000003852,2.0819609420552863,0.0039899173199666261
469.50000000003854,2.0890908544388944,0.0039145193722157044
469.60000000003856,2.0827010291280308,0.0038829303739959012
469.70000000003859,2.0613293308384639,0.0039091265233607729
469.80000000003861,2.0299796372041636,0.0039871247299210566
469.90000000003863,1.9961950540098885,0.0040928276280769319
470.00000000003865,1.9648329046813491,0.0041989758198385284
470.10000000003868,1.9382146004288252,0.0042890706517714153
470.2000000000387,1.920608245421082,0.004356710283584554
470.30000000003872,1.9180251412886378,0.004395015931703888
470.40000000003874,1.9308086827848425,0.0043935261882880605
470.50000000003877,1.9493745370330975,0.0043483206884700797
470.60000000003879,1.9615367452209633,0.0042716011590535376
470.70000000003881,1.9641362991318834,0.0041872824170043361
470.80000000003884,1.9652752490435492,0.0041165238801986054
470.90000000003886,1.9749286205591254,0.0040676153742093329
471.00000000003888,1.9944556655326193,0.0040385289362030027
471.1000000000389,2.0153028966989992,0.004026907023205701
471.20000000003893,2.0275892755524603,0.0040357024720622092
471.30000000003895,2.0302511699260046,0.0040704123687732375
471.40000000003897,2.0327399584314398,0.004134310064787425
471.50000000003899,2.0461903976838145,0.004225794327665084
471.60000000003902,2.073127020133541,0.0043352851026137893
471.70000000003904,2.1061823228642358,0.0044430948273798719
471.80000000003906,2.1353091087350884,0.0045249732736340415
471.90000000003909,2.1544367890911946,0.0045643791165791451
472.00000000003911,2.1628817185780713,0.0045602354136128091
472.10000000003913,2.16394895522799,0.0045232174925843088
472.20000000003915,2.1624430227055762,0.0044675172731790079
472.30000000003918,2.1605050299426862,0.0044081031916913468
472.4000000000392,2.1542484073566599,0.0043614586549293906
472.50000000003922,2.1359531397815905,0.0043407603497549376
472.60000000003924,2.1016607476776321,0.0043469715721644103
472.70000000003927,2.0570969974661826,0.0043684763763518356
472.80000000003929,2.0154689462395812,0.0043941846883898848
472.90000000003931,1.9891666520892965,0.0044277951944100306
473.00000000003934,1.9832064573945918,0.0044882643587157746
473.10000000003936,1.9944948308159953,0.0045976315717529076
473.20000000003938,2.0146305712722881,0.0047707113870344483
473.3000000000394,2.0334989200184648,0.0050141203890424002
473.40000000003943,2.043536962350287,0.0053265393346623221
473.50000000003945,2.0440503497805298,0.0056923355466261972
473.60000000003947,2.0420066233540055,0.0060744599461054214
473.70000000003949,2.0462622799204899,0.006417269233456222
473.80000000003952,2.0593224595062649,0.0066622809360316155
473.90000000003954,2.0759819161556541,0.006771576190519879
474.00000000003956,2.0904785418316965,0.006746419386724903
474.10000000003959,2.102175509950067,0.0066275540634234383
474.20000000003961,2.1130531807661832,0.0064767697194782672
474.30000000003963,2.1230591530641751,0.006352825311619484
474.40000000003965,2.1306178649784497,0.0062922505843471966
474.50000000003968,2.1356489237600988,0.0062978773725112513
474.6000000000397,2.1394073572277819,0.0063389835493890849
474.70000000003972,2.1421704199788008,0.0063679655706479167
474.80000000003974,2.1426940303456767,0.0063476447983021964
474.90000000003977,2.1391952864153678,0.0062700678575031161
475.00000000003979,2.1299370131131319,0.0061521954864085767
475.10000000003981,2.1139967573826528,0.0060149752747850234
475.20000000003984,2.0927765312812689,0.0058657860044377631
475.30000000003986,2.0706086148441454,0.0056980325726751603
475.40000000003988,2.0534231320331346,0.0055062895058328697
475.5000000000399,2.0465226368669174,0.0053021571007448908
475.60000000003993,2.0524609721410716,0.0051130937644075737
475.70000000003995,2.0691274357246887,0.0049625977628652033
475.80000000003997,2.0888753324153022,0.004852917656760933
475.90000000004,2.1006996589464455,0.0047689566069010541
476.00000000004002,2.0960163507792919,0.0046943324254782436
476.10000000004004,2.0744324676036316,0.0046194401589820643
476.20000000004006,2.0439320531557206,0.004540279792631852
476.30000000004009,2.0148963517659335,0.0044585918084684038
476.40000000004011,1.99454798517117,0.004382209128427429
476.50000000004013,1.9869086414900958,0.0043189977421381389
476.60000000004015,1.9946611423444656,0.0042696621476917343
476.70000000004018,2.0174625930021293,0.0042287790637645616
476.8000000000402,2.0488450683244794,0.0041919268702491899
476.90000000004022,2.0779045680484263,0.0041599769358197577
477.00000000004025,2.0965341119526149,0.0041370035440622243
477.10000000004027,2.1057008244371174,0.0041254700719523052
477.20000000004029,2.1137709109753575,0.0041243229579596514
477.30000000004031,2.1278090023042773,0.0041309659575466439
477.40000000004034,2.147143285614689,0.0041423334814483705
477.50000000004036,2.1657637786096435,0.0041533264170836503
477.60000000004038,2.1788940676973745,0.0041575176794814827
477.7000000000404,2.1854240059652699,0.0041511000691182506
477.80000000004043,2.1857965321247819,0.0041336477782501898
477.90000000004045,2.1802916439442797,0.0041049325181240952
478.00000000004047,2.1690478539559406,0.0040656345524289345
478.1000000000405,2.1524049860458034,0.0040227369220843887
478.20000000004052,2.1317306180258218,0.0039900161817615467
478.30000000004054,2.1100037108352216,0.0039805513472939711
478.40000000004056,2.0901989070532356,0.0039998551747928634
478.50000000004059,2.0733934489921491,0.0040454365585685884
478.60000000004061,2.0598870396528395,0.0041097928627946432
478.70000000004063,2.0511461350200197,0.0041844647813433014
478.80000000004065,2.0491000481997634,0.0042663726638502361
478.90000000004068,2.054621415194184,0.0043635498990858192
479.0000000000407,2.0677597172451181,0.0044929137342295733
479.10000000004072,2.088372467683389,0.0046679533278738529
479.20000000004075,2.1153671479679135,0.0048845173362426653
479.30000000004077,2.1450374208712137,0.0051171224588416383
479.40000000004079,2.1703524058109167,0.0053301796572018485
479.50000000004081,2.1830481207331345,0.0054934575603786387
479.60000000004084,2.1780963236245681,0.0055871561127465563
479.70000000004086,2.1573998585286511,0.0055976594750492678
479.80000000004088,2.1298766951365855,0.0055188153674997232
479.9000000000409,2.107442760551693,0.0053632262737002929
480.00000000004093,2.0985502590033356,0.0051684754494334441
480.10000000004095,2.1030580134707875,0.0049843607720910519
480.20000000004097,2.1127181944331368,0.0048478915249935894
480.300000000041,2.1176249453384153,0.0047660860114783999
480.40000000004102,2.1132058873589563,0.0047192441900503696
480.50000000004104,2.1018205043337961,0.0046801976406435275
480.60000000004106,2.089142418680197,0.0046341678204366793
480.70000000004109,2.0803252661920091,0.0045865362751693218
480.80000000004111,2.0785500261599865,0.0045567979840795605
480.90000000004113,2.084420477696415,0.0045646074567550453
481.00000000004115,2.0956001493091092,0.004614826277495405
481.10000000004118,2.1082524743050111,0.0046889730776755317
481.2000000000412,2.1198963678102856,0.0047505509086280609
481.30000000004122,2.1307421144452987,0.0047641048541635202
481.40000000004125,2.1420938432944658,0.0047148551348067825
481.50000000004127,2.1539061807570814,0.0046129914356495376
481.60000000004129,2.1643652633054251,0.0044810877047079568
481.70000000004131,2.171443311365179,0.0043383232186539489
481.80000000004134,2.173744302909574,0.0041942675003022109
481.90000000004136,2.1695063643176828,0.004053018774178698
482.00000000004138,2.1561189249474051,0.0039200424274029779
482.1000000000414,2.1326081476905889,0.0038044040933249259
482.20000000004143,2.1036121722949717,0.003714423608818056
482.30000000004145,2.0797772547436755,0.0036502596099723039
482.40000000004147,2.0712506062860045,0.0036001925753085932
482.5000000000415,2.078816697163405,0.0035454490358915814
482.60000000004152,2.0924229285668869,0.003470747201203328
482.70000000004154,2.0998376096147715,0.0033726111858563227
482.80000000004156,2.0964056238079181,0.0032609305990623466
482.90000000004159,2.086364498655159,0.0031542305960079822
483.00000000004161,2.0768360861649278,0.0030701125783011009
483.10000000004163,2.0724197996121645,0.0030149190523753896
483.20000000004165,2.0741836876654545,0.0029810602563049566
483.30000000004168,2.0805494635944597,0.0029560006100624306
483.4000000000417,2.0878577409984129,0.0029343877578220895
483.50000000004172,2.0913490283241631,0.002921260572085116
483.60000000004175,2.0869028612685461,0.0029253437556600046
483.70000000004177,2.0727929403030267,0.0029513366412960229
483.80000000004179,2.0512372563299466,0.0029974637599263793
483.90000000004181,2.0286593232803996,0.003057536684920511
484.00000000004184,2.0127455945231909,0.0031249491519781962
484.10000000004186,2.0078647027610854,0.0031960872036147256
484.20000000004188,2.0135345191233136,0.0032697339859993255
484.3000000000419,2.0266186907821613,0.0033427406623196439
484.40000000004193,2.0429091071416341,0.0034084722759395252
484.50000000004195,2.0567417767708283,0.0034617070468778563
484.60000000004197,2.0624362155596447,0.0035034602299392069
484.700000000042,2.0585179629033621,0.0035382893319202899
484.80000000004202,2.0495135033214895,0.0035676871521830886
484.90000000004204,2.0415267672563355,0.003588167603137779
485.00000000004206,2.0356267923886535,0.0035948163271051592
485.10000000004209,2.0262107314848041,0.0035855927103617927
485.20000000004211,2.0056861386340179,0.0035646050870730985
485.30000000004213,1.9705241896769325,0.0035430649401422872
485.40000000004216,1.9239199220839405,0.0035345072342533768
485.50000000004218,1.8729252737645736,0.0035459915284237649
485.6000000000422,1.8206302763677993,0.0035739892049964357
485.70000000004222,1.7600542365699938,0.0036090794654352935
485.80000000004225,1.6796039377929788,0.0036421102839398621
485.90000000004227,1.5796799382582709,0.00366356223374342
486.00000000004229,1.484276166237446,0.0036595982472021108
486.10000000004231,1.431279049266484,0.0036154623293456305
486.20000000004234,1.4459264702761736,0.0035281231907932508
486.30000000004236,1.5219114667514202,0.0034158641718212935
486.40000000004238,1.6279774089270225,0.003311714737952685
486.50000000004241,1.7305423384172702,0.0032432388909924607
486.60000000004243,1.8093930630958757,0.003215627014940067
486.70000000004245,1.8573950910879884,0.0032118037351528969
486.80000000004247,1.8735118555636932,0.0032077162104569464
486.9000000000425,1.8608615647474203,0.0031901655711292429
487.00000000004252,1.8310288559527506,0.0031649066662425996
487.10000000004254,1.8050336356464609,0.0031506462843619667
487.20000000004256,1.8029514282724903,0.003165509253483325
487.30000000004259,1.8295254336193527,0.0032178135739728223
487.40000000004261,1.8719558726745662,0.0033060492987373878
487.50000000004263,1.9128605681656974,0.0034231183799166005
487.60000000004266,1.944000588100963,0.0035598841213968077
487.70000000004268,1.9681582992532947,0.0037089421597769619
487.8000000000427,1.9909036262512865,0.0038699878881130567
487.90000000004272,2.0123720412490536,0.0040531673940413229
488.00000000004275,2.0269672390222571,0.0042747237085831568
488.10000000004277,2.0297451581948573,0.0045444965877503339
488.20000000004279,2.0206298951259107,0.0048542316331127728
488.30000000004281,2.0021981709112406,0.0051791943618024012
488.40000000004284,1.9769827723179547,0.0054930560389466129
488.50000000004286,1.9486273726364316,0.0057773839290119642
488.60000000004288,1.9220228740236471,0.0060116878046862542
488.70000000004291,1.8991296520039591,0.0061601076023606758
488.80000000004293,1.876922210491843,0.0061836435793377132
488.90000000004295,1.853783368459047,0.0060757081606582679
489.00000000004297,1.8384966072946309,0.0058815573156560039
489.100000000043,1.8485262670977138,0.0056727966253877372
489.20000000004302,1.8947453124379359,0.0054983259431536421
489.30000000004304,1.9680524696098536,0.0053594180344941197
489.40000000004306,2.0439035058012056,0.0052272852413607924
489.50000000004309,2.0999639678680984,0.0050768493481117751
489.60000000004311,2.1282717720771984,0.0049034608009071116
489.70000000004313,2.1334403265094068,0.0047181903122754049
489.80000000004316,2.1243980736571317,0.0045385510436621304
489.90000000004318,2.1088363819986915,0.0043831800959089713
490.0000000000432,2.0915924958978791,0.0042643098106064578
490.10000000004322,2.0749016242923659,0.0041768710897119605
490.20000000004325,2.0605116467356712,0.0040968200633788865
490.30000000004327,2.0520771696075717,0.0039964368337823191
490.40000000004329,2.0531334196953068,0.0038637094460481514
490.50000000004331,2.0610810116752898,0.0037069535487921409
490.60000000004334,2.0654017600873797,0.0035432414627818952
490.70000000004336,2.0547587060583852,0.0033849423910790131
490.80000000004338,2.0268163515569051,0.0032360023069324399
490.90000000004341,1.9916815243617896,0.0030977606579099932
491.00000000004343,1.9661880296220577,0.0029758242167249225
491.10000000004345,1.9631789801269179,0.0028800867849789148
491.20000000004347,1.9833580894260012,0.0028187852571387559
491.3000000000435,2.0151413279160075,0.0027948086821837259
491.40000000004352,2.0406741982717054,0.0028082063886557705
491.50000000004354,2.0424369984655644,0.0028589853182136591
491.60000000004356,2.009126040097545,0.002943895969032345
491.70000000004359,1.9422621731251146,0.0030502866042964789
491.80000000004361,1.8600763379377294,0.0031551976587548421
491.90000000004363,1.7917899277034592,0.0032327570982850747
492.00000000004366,1.7620508671562469,0.0032651390675595103
492.10000000004368,1.776221330177147,0.0032498682111199184
492.2000000000437,1.8195077072733439,0.0032000876734755756
492.30000000004372,1.8710596695238861,0.0031390302900497834
492.40000000004375,1.9189096232138232,0.0030908697461616503
492.50000000004377,1.9619131256008366,0.0030710372795879192
492.60000000004379,2.0015211582712409,0.0030822778731094593
492.70000000004381,2.036152756056397,0.0031204226804859648
492.80000000004384,2.0622956036535052,0.0031834871933945604
492.90000000004386,2.0766173967074435,0.0032729919509382997
493.00000000004388,2.0762137347492917,0.0033865024618434671
493.10000000004391,2.0598501229103099,0.0035119937997941577
493.20000000004393,2.0312013964547382,0.0036316557071213876
493.30000000004395,1.9996591632761487,0.0037307021505919294
493.40000000004397,1.974427179903375,0.0038025932327794124
493.500000000044,1.9564686551008112,0.0038491975075027893
493.60000000004402,1.9393385033951733,0.0038801607063634982
493.70000000004404,1.9204287157049702,0.0039116995946187868
493.80000000004407,1.9088803471725933,0.0039605046814927391
493.90000000004409,1.9186965261322686,0.0040344904329821111
494.00000000004411,1.9540921535427074,0.0041295217444030311
494.10000000004413,2.0037301101543985,0.0042350619771334376
494.20000000004416,2.0491476414218588,0.0043407179905438943
494.30000000004418,2.077134555774832,0.0044376738528522312
494.4000000000442,2.0856380964851731,0.0045175860706024125
494.50000000004422,2.0822848014525799,0.0045713832406178026
494.60000000004425,2.0783427572009159,0.0045879715762177416
494.70000000004427,2.080942351878702,0.0045568776032511426
494.80000000004429,2.0890042319330293,0.0044775301542535773
494.90000000004432,2.0965157610709388,0.0043665425653956237
495.00000000004434,2.0986762158768979,0.0042526466720485207
495.10000000004436,2.0941225155004277,0.0041634808035061937
495.20000000004438,2.0826531843904807,0.0041162488231091619
495.30000000004441,2.0620357802432268,0.0041149688122038425
495.40000000004443,2.0273868881886656,0.0041502571488093885
495.50000000004445,1.9765939163646045,0.0042024619962477755
495.60000000004447,1.9202703159350081,0.0042501733694423121
495.7000000000445,1.8837610248270211,0.0042794388483279695
495.80000000004452,1.8907231286826742,0.0042875680011789418
495.90000000004454,1.9411034156250595,0.0042808010525849181
496.00000000004457,2.0092404616448789,0.0042683740799271145
496.10000000004459,2.0649020682937493,0.0042564602891712435
496.20000000004461,2.0928517896651724,0.004246035024762472
496.30000000004463,2.0941311453208531,0.0042349047991656974
496.40000000004466,2.0771870494466125,0.0042185250622823077
496.50000000004468,2.05193026991609,0.0041869529428364659
496.6000000000447,2.0275611163091716,0.0041244138904177581
496.70000000004472,2.010325924269269,0.0040179484256116955
496.80000000004475,2.0023994714457847,0.0038692440009236257
496.90000000004477,2.0036657804105826,0.003696644873807586
497.00000000004479,2.013667524623417,0.0035240046290474524
497.10000000004482,2.0310265973849058,0.003367010759283277
497.20000000004484,2.0519846063167821,0.0032286771312090177
497.30000000004486,2.070809669550572,0.0031050833319842311
497.40000000004488,2.0818438542186684,0.0029936384496771387
497.50000000004491,2.0813119531987394,0.0028966268262171041
497.60000000004493,2.068207231372126,0.002818789814236603
497.70000000004495,2.0443493215230415,0.0027618202352255369
497.80000000004497,2.0130380779120518,0.002719400703119948
497.900000000045,1.9762729177016143,0.0026771691517845728
498.00000000004502,1.9334284252021665,0.0026207735560622026
498.10000000004504,1.8849900668249391,0.0025473267627498797
498.20000000004507,1.8388414194901839,0.0024685099711007664
498.30000000004509,1.8104992639564765,0.0024004318638408723
498.40000000004511,1.8138576111859279,0.002350458897274631
498.50000000004513,1.8503621482645805,0.0023140980655570013
498.60000000004516,1.9065307358248558,0.0022822232720828006
498.70000000004518,1.9613648692134824,0.0022488089447255744
498.8000000000452,1.9978560508390599,0.0022124941249258294
498.90000000004522,2.0111156390589202,0.0021733225568480235
499.00000000004525,2.0082547428789019,0.00212970855603649
499.10000000004527,2.0011218011287264,0.0020793760178766307
499.20000000004529,1.9983447760652495,0.002023403805969509
499.30000000004532,2.0023514527452799,0.0019684764562437167
499.40000000004534,2.0109951241866924,0.0019241041551983321
499.50000000004536,2.0196704154176039,0.0018970796432603478
499.60000000004538,2.0225169983429487,0.0018878201864098033
499.70000000004541,2.0144645376027324,0.0018908415334397606
499.80000000004543,1.9941898468166073,0.0018985277471658547
499.90000000004545,1.9656055920577462,0.0019060139850670598
